timestamp,temp,hum,air
2024-07-01 16:40:00,24.29,66.27,42.0
2024-07-01 16:50:00,24.24,65.84,42.0
2024-07-01 17:00:00,24.2,65.4,42.0
2024-07-01 17:10:00,24.1,65.42,42.0
2024-07-01 17:20:00,23.99,65.43,42.0
2024-07-01 17:30:00,23.84,65.85,42.0
2024-07-01 17:40:00,23.82,65.56,42.0
2024-07-01 17:50:00,23.81,65.28,42.0
2024-07-01 18:00:00,23.67,65.63,42.0
2024-07-01 18:10:00,23.6,65.3,42.0
2024-07-01 18:20:00,23.54,64.97,42.0
2024-07-01 18:30:00,23.39,65.51,42.0
2024-07-01 18:40:00,23.34,65.04,42.0
2024-07-01 18:50:00,23.29,64.57,42.0
2024-07-01 19:00:00,23.44,64.84,42.0
2024-07-01 19:10:00,23.7,64.87,42.0
2024-07-01 19:20:00,23.95,64.9,42.0
2024-07-01 19:30:00,24.29,66.0,42.0
2024-07-01 19:40:00,24.38,66.44,42.0
2024-07-01 19:50:00,24.46,66.88,42.0
2024-07-01 20:00:00,24.59,66.58,42.0
2024-07-01 20:10:00,24.64,67.18,42.0
2024-07-01 20:20:00,24.7,67.79,42.0
2024-07-01 20:30:00,24.77,68.74,42.0
2024-07-01 20:40:00,24.82,69.16,42.0
2024-07-01 20:50:00,24.87,69.57,42.0
2024-07-01 21:00:00,24.94,69.93,42.0
2024-07-01 21:10:00,24.98,70.24,42.0
2024-07-01 21:20:00,25.01,70.55,42.0
2024-07-01 21:30:00,25.08,70.99,42.0
2024-07-01 21:40:00,25.09,71.24,42.0
2024-07-01 21:50:00,25.1,71.49,42.0
2024-07-01 22:00:00,25.18,71.99,42.0
2024-07-01 22:10:00,25.2,72.29,42.0
2024-07-01 22:20:00,25.21,72.59,42.0
2024-07-01 22:30:00,25.29,73.02,42.0
2024-07-01 22:40:00,25.28,73.34,42.0
2024-07-01 22:50:00,25.28,73.66,42.0
2024-07-01 23:00:00,25.34,73.9,42.0
2024-07-01 23:10:00,25.34,74.19,42.0
2024-07-01 23:20:00,25.35,74.49,42.0
2024-07-01 23:30:00,25.42,74.56,42.0
2024-07-01 23:40:00,25.42,74.68,42.0
2024-07-01 23:50:00,25.42,74.81,42.0
2024-07-02 00:00:00,25.46,75.41,42.0
2024-07-02 00:10:00,25.49,75.48,42.0
2024-07-02 00:20:00,25.52,75.56,42.0
2024-07-02 00:30:00,25.52,76.23,42.0
2024-07-02 00:40:00,25.54,76.32,42.0
2024-07-02 00:50:00,25.55,76.42,42.0
2024-07-02 01:00:00,25.59,76.88,42.0
2024-07-02 01:10:00,25.6,77.24,42.0
2024-07-02 01:20:00,25.61,77.61,42.0
2024-07-02 01:30:00,25.62,77.98,42.0
2024-07-02 01:40:00,25.64,78.31,42.0
2024-07-02 01:50:00,25.65,78.64,42.0
2024-07-02 02:00:00,25.68,78.85,42.0
2024-07-02 02:10:00,25.69,79.0,42.0
2024-07-02 02:20:00,25.7,79.15,42.0
2024-07-02 02:30:00,25.7,79.19,42.0
2024-07-02 02:40:00,25.72,79.35,42.0
2024-07-02 02:50:00,25.75,79.51,42.0
2024-07-02 03:00:00,25.76,79.67,42.0
2024-07-02 03:10:00,25.78,79.66,42.0
2024-07-02 03:20:00,25.79,79.66,42.0
2024-07-02 03:30:00,25.79,80.07,42.0
2024-07-02 03:40:00,25.8,80.21,42.0
2024-07-02 03:50:00,25.8,80.35,42.0
2024-07-02 04:00:00,25.83,80.22,42.0
2024-07-02 04:10:00,25.84,80.34,42.0
2024-07-02 04:20:00,25.86,80.46,42.0
2024-07-02 04:30:00,25.86,80.43,42.0
2024-07-02 04:40:00,25.88,80.54,42.0
2024-07-02 04:50:00,25.89,80.64,42.0
2024-07-02 05:00:00,25.93,80.79,42.0
2024-07-02 05:10:00,25.92,81.0,42.0
2024-07-02 05:20:00,25.9,81.2,42.0
2024-07-02 05:30:00,25.94,81.3,42.0
2024-07-02 05:40:00,25.96,81.31,42.0
2024-07-02 05:50:00,25.97,81.31,42.0
2024-07-02 06:00:00,25.97,81.61,42.0
2024-07-02 06:10:00,26.0,81.38,42.0
2024-07-02 06:20:00,26.03,81.16,42.0
2024-07-02 06:30:00,25.94,79.08,42.0
2024-07-02 06:40:00,25.65,77.67,42.0
2024-07-02 06:50:00,25.35,76.26,42.0
2024-07-02 07:00:00,24.95,74.23,42.0
2024-07-02 07:10:00,24.8,73.49,42.0
2024-07-02 07:20:00,24.66,72.75,42.0
2024-07-02 07:30:00,24.35,70.97,42.0
2024-07-02 07:40:00,24.22,69.76,42.0
2024-07-02 07:50:00,24.08,68.55,42.0
2024-07-02 08:00:00,23.72,66.62,42.0
2024-07-02 08:10:00,23.59,65.9,42.0
2024-07-02 08:20:00,23.46,65.17,42.0
2024-07-02 08:30:00,23.19,64.22,42.0
2024-07-02 08:40:00,23.11,63.9,42.0
2024-07-02 08:50:00,23.03,63.58,42.0
2024-07-02 09:00:00,22.89,62.99,42.0
2024-07-02 09:10:00,22.8,63.1,42.0
2024-07-02 09:20:00,22.72,63.21,42.0
2024-07-02 09:30:00,22.66,63.02,42.0
2024-07-02 09:40:00,22.64,63.19,42.0
2024-07-02 09:50:00,22.61,63.36,42.0
2024-07-02 10:00:00,22.62,63.22,42.0
2024-07-02 10:10:00,22.58,63.28,42.0
2024-07-02 10:20:00,22.54,63.33,42.0
2024-07-02 10:30:00,22.54,63.36,42.0
2024-07-02 10:40:00,22.49,63.41,42.0
2024-07-02 10:50:00,22.45,63.46,42.0
2024-07-02 11:00:00,22.47,63.44,42.0
2024-07-02 11:10:00,22.47,63.5,42.0
2024-07-02 11:20:00,22.47,63.55,42.0
2024-07-02 11:30:00,22.48,63.6,42.0
2024-07-02 11:40:00,22.5,63.49,42.0
2024-07-02 11:50:00,22.51,63.38,42.0
2024-07-02 12:00:00,22.52,63.24,42.0
2024-07-02 12:10:00,22.53,63.36,42.0
2024-07-02 12:20:00,22.54,63.48,42.0
2024-07-02 12:30:00,22.56,63.57,42.0
2024-07-02 12:40:00,22.59,63.8,42.0
2024-07-02 12:50:00,22.62,64.02,42.0
2024-07-02 13:00:00,22.59,63.77,42.0
2024-07-02 13:10:00,22.67,64.55,42.0
2024-07-02 13:20:00,22.75,65.33,42.0
2024-07-02 13:30:00,22.79,65.15,42.0
2024-07-02 13:40:00,22.8,64.9,42.0
2024-07-02 13:50:00,22.82,64.64,42.0
2024-07-02 14:00:00,22.92,64.79,42.0
2024-07-02 14:10:00,23.01,64.66,42.0
2024-07-02 14:20:00,23.09,64.53,42.0
2024-07-02 14:30:00,23.31,65.38,42.0
2024-07-02 14:40:00,23.38,65.28,42.0
2024-07-02 14:50:00,23.44,65.19,42.0
2024-07-02 15:00:00,23.61,64.98,42.0
2024-07-02 15:10:00,23.67,65.33,42.0
2024-07-02 15:20:00,23.74,65.68,42.0
2024-07-02 15:30:00,23.94,65.67,42.0
2024-07-02 15:40:00,24.02,65.48,42.0
2024-07-02 15:50:00,24.11,65.29,42.0
2024-07-02 16:00:00,24.2,65.62,42.0
2024-07-02 16:10:00,24.14,65.66,42.0
2024-07-02 16:20:00,24.09,65.71,42.0
2024-07-02 16:30:00,24.08,65.61,42.0
2024-07-02 16:40:00,24.1,65.3,42.0
2024-07-02 16:50:00,24.12,64.98,42.0
2024-07-02 17:00:00,24.15,65.12,42.0
2024-07-02 17:10:00,24.2,65.1,42.0
2024-07-02 17:20:00,24.25,65.08,42.0
2024-07-02 17:30:00,24.15,65.47,42.0
2024-07-02 17:40:00,24.06,65.53,42.0
2024-07-02 17:50:00,23.98,65.58,42.0
2024-07-02 18:00:00,23.91,65.56,42.0
2024-07-02 18:10:00,23.84,64.92,42.0
2024-07-02 18:20:00,23.77,64.28,42.0
2024-07-02 18:30:00,23.65,65.14,42.0
2024-07-02 18:40:00,23.59,65.26,42.0
2024-07-02 18:50:00,23.53,65.39,42.0
2024-07-02 19:00:00,23.7,64.28,42.0
2024-07-02 19:10:00,23.91,63.59,42.0
2024-07-02 19:20:00,24.12,62.9,42.0
2024-07-02 19:30:00,24.33,62.21,42.0
2024-07-02 19:40:00,24.42,61.95,42.0
2024-07-02 19:50:00,24.5,61.69,42.0
2024-07-02 20:00:00,24.6,61.28,42.0
2024-07-02 20:10:00,24.66,61.38,42.0
2024-07-02 20:20:00,24.71,61.47,42.0
2024-07-02 20:30:00,24.77,64.03,42.0
2024-07-02 20:40:00,24.8,64.44,42.0
2024-07-02 20:50:00,24.83,64.84,42.0
2024-07-02 21:00:00,24.94,65.83,42.0
2024-07-02 21:10:00,24.96,66.57,42.0
2024-07-02 21:20:00,24.97,67.32,42.0
2024-07-02 21:30:00,25.04,68.36,42.0
2024-07-02 21:40:00,25.07,68.68,42.0
2024-07-02 21:50:00,25.1,69.0,42.0
2024-07-02 22:00:00,25.15,70.17,42.0
2024-07-02 22:10:00,25.18,70.64,42.0
2024-07-02 22:20:00,25.21,71.11,42.0
2024-07-02 22:30:00,25.24,72.02,42.0
2024-07-02 22:40:00,25.24,72.07,42.0
2024-07-02 22:50:00,25.25,72.13,42.0
2024-07-02 23:00:00,25.32,72.52,42.0
2024-07-02 23:10:00,25.34,72.69,42.0
2024-07-02 23:20:00,25.35,72.86,42.0
2024-07-02 23:30:00,25.38,73.1,42.0
2024-07-02 23:40:00,25.4,73.16,42.0
2024-07-02 23:50:00,25.41,73.23,42.0
2024-07-03 00:00:00,25.41,73.29,42.0
2024-07-03 00:10:00,25.42,73.31,42.0
2024-07-03 00:20:00,25.44,73.33,42.0
2024-07-03 00:30:00,25.48,73.73,42.0
2024-07-03 00:40:00,25.48,73.92,42.0
2024-07-03 00:50:00,25.48,74.11,42.0
2024-07-03 01:00:00,25.5,74.36,42.0
2024-07-03 01:10:00,25.5,74.65,42.0
2024-07-03 01:20:00,25.5,74.94,42.0
2024-07-03 01:30:00,25.58,75.78,42.0
2024-07-03 01:40:00,25.58,76.16,42.0
2024-07-03 01:50:00,25.58,76.53,42.0
2024-07-03 02:00:00,25.62,77.37,42.0
2024-07-03 02:10:00,25.62,77.33,42.0
2024-07-03 02:20:00,25.61,77.29,42.0
2024-07-03 02:30:00,25.66,77.18,42.0
2024-07-03 02:40:00,25.66,77.32,42.0
2024-07-03 02:50:00,25.65,77.45,42.0
2024-07-03 03:00:00,25.68,77.75,42.0
2024-07-03 03:10:00,25.68,77.94,42.0
2024-07-03 03:20:00,25.69,78.14,42.0
2024-07-03 03:30:00,25.72,77.89,42.0
2024-07-03 03:40:00,25.72,77.91,42.0
2024-07-03 03:50:00,25.73,77.94,42.0
2024-07-03 04:00:00,25.75,78.26,42.0
2024-07-03 04:10:00,25.74,78.16,42.0
2024-07-03 04:20:00,25.72,78.05,42.0
2024-07-03 04:30:00,25.76,78.25,42.0
2024-07-03 04:40:00,25.78,78.58,42.0
2024-07-03 04:50:00,25.8,78.9,42.0
2024-07-03 05:00:00,25.8,79.34,42.0
2024-07-03 05:10:00,25.82,79.62,42.0
2024-07-03 05:20:00,25.83,79.9,42.0
2024-07-03 05:30:00,25.82,80.19,42.0
2024-07-03 05:40:00,25.84,80.42,42.0
2024-07-03 05:50:00,25.87,80.65,42.0
2024-07-03 06:00:00,25.86,80.74,42.0
2024-07-03 06:10:00,25.86,80.9,42.0
2024-07-03 06:20:00,25.87,81.05,42.0
2024-07-03 06:30:00,25.8,78.37,42.0
2024-07-03 06:40:00,25.54,77.17,42.0
2024-07-03 06:50:00,25.28,75.97,42.0
2024-07-03 07:00:00,24.88,74.1,42.0
2024-07-03 07:10:00,24.76,73.42,42.0
2024-07-03 07:20:00,24.63,72.75,42.0
2024-07-03 07:30:00,24.33,71.3,42.0
2024-07-03 07:40:00,24.2,70.3,42.0
2024-07-03 07:50:00,24.08,69.29,42.0
2024-07-03 08:00:00,23.8,67.35,42.0
2024-07-03 08:10:00,23.66,66.58,42.0
2024-07-03 08:20:00,23.51,65.82,42.0
2024-07-03 08:30:00,23.31,65.09,42.0
2024-07-03 08:40:00,23.25,64.72,42.0
2024-07-03 08:50:00,23.19,64.36,42.0
2024-07-03 09:00:00,23.09,64.06,42.0
2024-07-03 09:10:00,23.08,63.9,42.0
2024-07-03 09:20:00,23.06,63.73,42.0
2024-07-03 09:30:00,23.05,63.46,42.0
2024-07-03 09:40:00,23.05,63.28,42.0
2024-07-03 09:50:00,23.05,63.1,42.0
2024-07-03 10:00:00,22.99,63.05,42.0
2024-07-03 10:10:00,22.98,63.02,42.0
2024-07-03 10:20:00,22.96,62.99,42.0
2024-07-03 10:30:00,22.96,62.93,42.0
2024-07-03 10:40:00,22.98,62.89,42.0
2024-07-03 10:50:00,22.99,62.84,42.0
2024-07-03 11:00:00,23.05,63.57,42.0
2024-07-03 11:10:00,23.06,63.48,42.0
2024-07-03 11:20:00,23.07,63.39,42.0
2024-07-03 11:30:00,23.13,63.48,42.0
2024-07-03 11:40:00,23.2,63.6,42.0
2024-07-03 11:50:00,23.27,63.72,42.0
2024-07-03 12:00:00,23.46,64.81,42.0
2024-07-03 12:10:00,23.5,64.76,42.0
2024-07-03 12:20:00,23.53,64.7,42.0
2024-07-03 12:30:00,23.57,64.33,42.0
2024-07-03 12:40:00,23.6,64.64,42.0
2024-07-03 12:50:00,23.62,64.96,42.0
2024-07-03 13:00:00,23.53,64.27,42.0
2024-07-03 13:10:00,23.45,64.57,42.0
2024-07-03 13:20:00,23.37,64.88,42.0
2024-07-03 13:30:00,23.3,64.72,42.0
2024-07-03 13:40:00,23.27,64.72,42.0
2024-07-03 13:50:00,23.24,64.73,42.0
2024-07-03 14:00:00,23.2,65.01,42.0
2024-07-03 14:10:00,23.18,65.39,42.0
2024-07-03 14:20:00,23.17,65.76,42.0
2024-07-03 14:30:00,23.14,66.39,42.0
2024-07-03 14:40:00,23.08,66.53,42.0
2024-07-03 14:50:00,23.02,66.66,42.0
2024-07-03 15:00:00,22.91,66.53,42.0
2024-07-03 15:10:00,22.9,66.62,42.0
2024-07-03 15:20:00,22.88,66.7,42.0
2024-07-03 15:30:00,22.76,66.41,42.0
2024-07-03 15:40:00,22.74,65.73,42.0
2024-07-03 15:50:00,22.71,65.05,42.0
2024-07-03 16:00:00,22.65,65.38,42.0
2024-07-03 16:10:00,22.64,65.69,42.0
2024-07-03 16:20:00,22.64,66.01,42.0
2024-07-03 16:30:00,22.66,65.24,42.0
2024-07-03 16:40:00,22.74,65.22,42.0
2024-07-03 16:50:00,22.82,65.21,42.0
2024-07-03 17:00:00,23.01,65.05,42.0
2024-07-03 17:10:00,23.12,64.82,42.0
2024-07-03 17:20:00,23.24,64.59,42.0
2024-07-03 17:30:00,23.39,65.02,42.0
2024-07-03 17:40:00,23.34,64.5,42.0
2024-07-03 17:50:00,23.29,63.98,42.0
2024-07-03 18:00:00,23.12,63.51,42.0
2024-07-03 18:10:00,23.04,63.42,42.0
2024-07-03 18:20:00,22.96,63.34,42.0
2024-07-03 18:30:00,22.79,63.32,42.0
2024-07-03 18:40:00,22.75,63.24,42.0
2024-07-03 18:50:00,22.71,63.16,42.0
2024-07-03 19:00:00,22.93,62.5,42.0
2024-07-03 19:10:00,23.2,62.66,42.0
2024-07-03 19:20:00,23.46,62.81,42.0
2024-07-03 19:30:00,23.72,62.69,42.0
2024-07-03 19:40:00,23.82,62.66,42.0
2024-07-03 19:50:00,23.92,62.64,42.0
2024-07-03 20:00:00,24.01,62.95,42.0
2024-07-03 20:10:00,24.08,64.01,42.0
2024-07-03 20:20:00,24.15,65.07,42.0
2024-07-03 20:30:00,24.28,67.55,42.0
2024-07-03 20:40:00,24.32,68.13,42.0
2024-07-03 20:50:00,24.36,68.71,42.0
2024-07-03 21:00:00,24.44,69.38,42.0
2024-07-03 21:10:00,24.47,70.6,42.0
2024-07-03 21:20:00,24.5,71.83,42.0
2024-07-03 21:30:00,24.59,71.77,42.0
2024-07-03 21:40:00,24.62,72.32,42.0
2024-07-03 21:50:00,24.66,72.86,42.0
2024-07-03 22:00:00,24.7,72.3,42.0
2024-07-03 22:10:00,24.74,72.24,42.0
2024-07-03 22:20:00,24.77,72.18,42.0
2024-07-03 22:30:00,24.81,72.69,42.0
2024-07-03 22:40:00,24.84,72.93,42.0
2024-07-03 22:50:00,24.87,73.17,42.0
2024-07-03 23:00:00,24.9,72.62,42.0
2024-07-03 23:10:00,24.92,72.76,42.0
2024-07-03 23:20:00,24.94,72.89,42.0
2024-07-03 23:30:00,24.97,73.69,42.0
2024-07-03 23:40:00,24.99,73.52,42.0
2024-07-03 23:50:00,25.01,73.35,42.0
2024-07-04 00:00:00,25.1,74.38,42.0
2024-07-04 00:10:00,25.09,74.6,42.0
2024-07-04 00:20:00,25.08,74.81,42.0
2024-07-04 00:30:00,25.17,75.05,42.0
2024-07-04 00:40:00,25.18,75.15,42.0
2024-07-04 00:50:00,25.19,75.25,42.0
2024-07-04 01:00:00,25.18,75.32,42.0
2024-07-04 01:10:00,25.2,75.44,42.0
2024-07-04 01:20:00,25.22,75.57,42.0
2024-07-04 01:30:00,25.28,76.07,42.0
2024-07-04 01:40:00,25.28,76.09,42.0
2024-07-04 01:50:00,25.29,76.11,42.0
2024-07-04 02:00:00,25.32,76.99,42.0
2024-07-04 02:10:00,25.32,77.16,42.0
2024-07-04 02:20:00,25.32,77.34,42.0
2024-07-04 02:30:00,25.41,77.35,42.0
2024-07-04 02:40:00,25.4,77.73,42.0
2024-07-04 02:50:00,25.39,78.11,42.0
2024-07-04 03:00:00,25.46,78.49,42.0
2024-07-04 03:10:00,25.46,78.61,42.0
2024-07-04 03:20:00,25.46,78.73,42.0
2024-07-04 03:30:00,25.48,78.35,42.0
2024-07-04 03:40:00,25.48,78.34,42.0
2024-07-04 03:50:00,25.48,78.33,42.0
2024-07-04 04:00:00,25.52,78.27,42.0
2024-07-04 04:10:00,25.51,78.29,42.0
2024-07-04 04:20:00,25.5,78.31,42.0
2024-07-04 04:30:00,25.53,78.38,42.0
2024-07-04 04:40:00,25.56,78.45,42.0
2024-07-04 04:50:00,25.58,78.52,42.0
2024-07-04 05:00:00,25.59,78.46,42.0
2024-07-04 05:10:00,25.6,78.48,42.0
2024-07-04 05:20:00,25.62,78.5,42.0
2024-07-04 05:30:00,25.65,78.63,42.0
2024-07-04 05:40:00,25.66,78.7,42.0
2024-07-04 05:50:00,25.66,78.78,42.0
2024-07-04 06:00:00,25.7,79.65,42.0
2024-07-04 06:10:00,25.72,79.72,42.0
2024-07-04 06:20:00,25.75,79.8,42.0
2024-07-04 06:30:00,25.62,77.39,42.0
2024-07-04 06:40:00,25.38,76.48,42.0
2024-07-04 06:50:00,25.15,75.57,42.0
2024-07-04 07:00:00,24.78,73.69,42.0
2024-07-04 07:10:00,24.62,72.9,42.0
2024-07-04 07:20:00,24.47,72.12,42.0
2024-07-04 07:30:00,24.18,70.15,42.0
2024-07-04 07:40:00,24.04,69.16,42.0
2024-07-04 07:50:00,23.91,68.17,42.0
2024-07-04 08:00:00,23.57,66.58,42.0
2024-07-04 08:10:00,23.46,65.84,42.0
2024-07-04 08:20:00,23.34,65.1,42.0
2024-07-04 08:30:00,23.24,64.56,42.0
2024-07-04 08:40:00,23.14,64.25,42.0
2024-07-04 08:50:00,23.05,63.94,42.0
2024-07-04 09:00:00,22.99,63.46,42.0
2024-07-04 09:10:00,22.94,63.36,42.0
2024-07-04 09:20:00,22.89,63.26,42.0
2024-07-04 09:30:00,22.85,62.92,42.0
2024-07-04 09:40:00,22.82,62.96,42.0
2024-07-04 09:50:00,22.79,63.0,42.0
2024-07-04 10:00:00,22.74,62.74,42.0
2024-07-04 10:10:00,22.75,62.62,42.0
2024-07-04 10:20:00,22.76,62.51,42.0
2024-07-04 10:30:00,22.74,62.48,42.0
2024-07-04 10:40:00,22.74,62.4,42.0
2024-07-04 10:50:00,22.74,62.33,42.0
2024-07-04 11:00:00,22.82,62.37,42.0
2024-07-04 11:10:00,22.85,62.29,42.0
2024-07-04 11:20:00,22.88,62.21,42.0
2024-07-04 11:30:00,22.96,62.01,42.0
2024-07-04 11:40:00,22.94,61.91,42.0
2024-07-04 11:50:00,22.92,61.81,42.0
2024-07-04 12:00:00,22.99,61.72,42.0
2024-07-04 12:10:00,23.0,61.82,42.0
2024-07-04 12:20:00,23.01,61.91,42.0
2024-07-04 12:30:00,23.13,62.69,42.0
2024-07-04 12:40:00,23.2,62.53,42.0
2024-07-04 12:50:00,23.27,62.37,42.0
2024-07-04 13:00:00,23.41,63.15,42.0
2024-07-04 13:10:00,23.49,62.96,42.0
2024-07-04 13:20:00,23.57,62.77,42.0
2024-07-04 13:30:00,23.71,63.75,42.0
2024-07-04 13:40:00,23.84,63.96,42.0
2024-07-04 13:50:00,23.97,64.16,42.0
2024-07-04 14:00:00,23.98,64.51,42.0
2024-07-04 14:10:00,23.96,64.62,42.0
2024-07-04 14:20:00,23.95,64.74,42.0
2024-07-04 14:30:00,24.11,64.84,42.0
2024-07-04 14:40:00,24.2,64.84,42.0
2024-07-04 14:50:00,24.29,64.85,42.0
2024-07-04 15:00:00,24.3,64.94,42.0
2024-07-04 15:10:00,24.25,65.06,42.0
2024-07-04 15:20:00,24.2,65.19,42.0
2024-07-04 15:30:00,24.11,64.95,42.0
2024-07-04 15:40:00,24.12,64.8,42.0
2024-07-04 15:50:00,24.13,64.65,42.0
2024-07-04 16:00:00,24.22,64.37,42.0
2024-07-04 16:10:00,24.26,64.29,42.0
2024-07-04 16:20:00,24.29,64.21,42.0
2024-07-04 16:30:00,24.35,64.25,42.0
2024-07-04 16:40:00,24.32,64.31,42.0
2024-07-04 16:50:00,24.28,64.36,42.0
2024-07-04 17:00:00,24.23,64.69,42.0
2024-07-04 17:10:00,24.18,64.67,42.0
2024-07-04 17:20:00,24.13,64.65,42.0
2024-07-04 17:30:00,24.05,64.03,42.0
2024-07-04 17:40:00,23.98,64.11,42.0
2024-07-04 17:50:00,23.91,64.19,42.0
2024-07-04 18:00:00,23.77,64.2,42.0
2024-07-04 18:10:00,23.69,64.34,42.0
2024-07-04 18:20:00,23.61,64.49,42.0
2024-07-04 18:30:00,23.54,64.47,42.0
2024-07-04 18:40:00,23.49,64.28,42.0
2024-07-04 18:50:00,23.44,64.08,42.0
2024-07-04 19:00:00,23.75,63.6,42.0
2024-07-04 19:10:00,23.95,63.14,42.0
2024-07-04 19:20:00,24.15,62.67,42.0
2024-07-04 19:30:00,24.39,62.53,42.0
2024-07-04 19:40:00,24.48,62.58,42.0
2024-07-04 19:50:00,24.56,62.62,42.0
2024-07-04 20:00:00,24.64,62.45,42.0
2024-07-04 20:10:00,24.69,63.03,42.0
2024-07-04 20:20:00,24.74,63.6,42.0
2024-07-04 20:30:00,24.83,64.78,42.0
2024-07-04 20:40:00,24.87,65.05,42.0
2024-07-04 20:50:00,24.91,65.32,42.0
2024-07-04 21:00:00,25.01,66.37,42.0
2024-07-04 21:10:00,25.04,66.65,42.0
2024-07-04 21:20:00,25.07,66.93,42.0
2024-07-04 21:30:00,25.08,68.22,42.0
2024-07-04 21:40:00,25.12,68.12,42.0
2024-07-04 21:50:00,25.15,68.01,42.0
2024-07-04 22:00:00,25.19,68.97,42.0
2024-07-04 22:10:00,25.22,69.3,42.0
2024-07-04 22:20:00,25.25,69.62,42.0
2024-07-04 22:30:00,25.28,70.83,42.0
2024-07-04 22:40:00,25.3,71.12,42.0
2024-07-04 22:50:00,25.32,71.41,42.0
2024-07-04 23:00:00,25.36,71.42,42.0
2024-07-04 23:10:00,25.38,71.54,42.0
2024-07-04 23:20:00,25.39,71.67,42.0
2024-07-04 23:30:00,25.44,72.0,42.0
2024-07-04 23:40:00,25.45,72.19,42.0
2024-07-04 23:50:00,25.46,72.39,42.0
2024-07-05 00:00:00,25.48,72.8,42.0
2024-07-05 00:10:00,25.5,73.0,42.0
2024-07-05 00:20:00,25.52,73.19,42.0
2024-07-05 00:30:00,25.55,73.83,42.0
2024-07-05 00:40:00,25.56,74.17,42.0
2024-07-05 00:50:00,25.58,74.51,42.0
2024-07-05 01:00:00,25.59,74.38,42.0
2024-07-05 01:10:00,25.61,74.75,42.0
2024-07-05 01:20:00,25.63,75.12,42.0
2024-07-05 01:30:00,25.65,75.81,42.0
2024-07-05 01:40:00,25.66,76.09,42.0
2024-07-05 01:50:00,25.68,76.36,42.0
2024-07-05 02:00:00,25.68,77.04,42.0
2024-07-05 02:10:00,25.7,77.22,42.0
2024-07-05 02:20:00,25.72,77.39,42.0
2024-07-05 02:30:00,25.72,77.83,42.0
2024-07-05 02:40:00,25.74,77.94,42.0
2024-07-05 02:50:00,25.75,78.05,42.0
2024-07-05 03:00:00,25.76,77.99,42.0
2024-07-05 03:10:00,25.76,78.16,42.0
2024-07-05 03:20:00,25.77,78.32,42.0
2024-07-05 03:30:00,25.76,78.59,42.0
2024-07-05 03:40:00,25.78,78.68,42.0
2024-07-05 03:50:00,25.8,78.78,42.0
2024-07-05 04:00:00,25.82,79.15,42.0
2024-07-05 04:10:00,25.83,79.29,42.0
2024-07-05 04:20:00,25.84,79.43,42.0
2024-07-05 04:30:00,25.84,79.68,42.0
2024-07-05 04:40:00,25.86,80.0,42.0
2024-07-05 04:50:00,25.89,80.33,42.0
2024-07-05 05:00:00,25.89,80.56,42.0
2024-07-05 05:10:00,25.89,80.69,42.0
2024-07-05 05:20:00,25.89,80.83,42.0
2024-07-05 05:30:00,25.9,81.03,42.0
2024-07-05 05:40:00,25.92,81.34,42.0
2024-07-05 05:50:00,25.94,81.66,42.0
2024-07-05 06:00:00,25.96,81.39,42.0
2024-07-05 06:10:00,25.95,81.48,42.0
2024-07-05 06:20:00,25.94,81.58,42.0
2024-07-05 06:30:00,25.73,77.72,42.0
2024-07-05 06:40:00,25.51,76.66,42.0
2024-07-05 06:50:00,25.28,75.6,42.0
2024-07-05 07:00:00,24.9,73.72,42.0
2024-07-05 07:10:00,24.76,72.96,42.0
2024-07-05 07:20:00,24.62,72.21,42.0
2024-07-05 07:30:00,24.35,70.65,42.0
2024-07-05 07:40:00,24.22,69.45,42.0
2024-07-05 07:50:00,24.08,68.25,42.0
2024-07-05 08:00:00,23.75,66.59,42.0
2024-07-05 08:10:00,23.64,65.78,42.0
2024-07-05 08:20:00,23.54,64.96,42.0
2024-07-05 08:30:00,23.3,64.09,42.0
2024-07-05 08:40:00,23.23,63.78,42.0
2024-07-05 08:50:00,23.16,63.48,42.0
2024-07-05 09:00:00,23.07,63.18,42.0
2024-07-05 09:10:00,23.01,63.08,42.0
2024-07-05 09:20:00,22.95,62.98,42.0
2024-07-05 09:30:00,22.95,64.23,42.0
2024-07-05 09:40:00,22.92,64.87,42.0
2024-07-05 09:50:00,22.89,65.5,42.0
2024-07-05 10:00:00,22.82,67.87,42.0
2024-07-05 10:10:00,22.74,67.33,42.0
2024-07-05 10:20:00,22.65,66.79,42.0
2024-07-05 10:30:00,22.58,66.26,42.0
2024-07-05 10:40:00,22.5,65.72,42.0
2024-07-05 10:50:00,22.43,64.36,42.0
2024-07-05 11:00:00,22.37,63.98,42.0
2024-07-05 11:10:00,22.31,63.61,42.0
2024-07-05 11:20:00,22.33,64.78,42.0
2024-07-05 11:30:00,22.32,64.6,42.0
2024-07-05 11:40:00,22.31,64.43,42.0
2024-07-05 11:50:00,22.37,65.44,42.0
2024-07-05 12:00:00,22.46,65.24,42.0
2024-07-05 12:10:00,22.54,65.03,42.0
2024-07-05 12:20:00,22.65,64.67,42.0
2024-07-05 12:30:00,22.75,64.9,42.0
2024-07-05 12:40:00,22.85,65.12,42.0
2024-07-05 12:50:00,22.89,65.47,42.0
2024-07-05 13:00:00,22.94,65.59,42.0
2024-07-05 13:10:00,22.99,65.71,42.0
2024-07-05 13:20:00,23.1,66.18,42.0
2024-07-05 13:30:00,23.16,66.0,42.0
2024-07-05 13:40:00,23.22,65.82,42.0
2024-07-05 13:50:00,23.3,65.58,42.0
2024-07-05 14:00:00,23.34,65.18,42.0
2024-07-05 14:10:00,23.37,64.79,42.0
2024-07-05 14:20:00,23.41,64.27,42.0
2024-07-05 14:30:00,23.48,64.9,42.0
2024-07-05 14:40:00,23.56,65.53,42.0
2024-07-05 14:50:00,23.74,64.36,42.0
2024-07-05 15:00:00,23.84,64.56,42.0
2024-07-05 15:10:00,23.94,64.77,42.0
2024-07-05 15:20:00,24.08,65.78,42.0
2024-07-05 15:30:00,24.15,65.68,42.0
2024-07-05 15:40:00,24.22,65.58,42.0
2024-07-05 15:50:00,24.33,64.3,42.0
2024-07-05 16:00:00,24.32,64.34,42.0
2024-07-05 16:10:00,24.32,64.39,42.0
2024-07-05 16:20:00,24.26,64.54,42.0
2024-07-05 16:30:00,24.29,64.42,42.0
2024-07-05 16:40:00,24.32,64.3,42.0
2024-07-05 16:50:00,24.36,64.46,42.0
2024-07-05 17:00:00,24.34,64.42,42.0
2024-07-05 17:10:00,24.33,64.38,42.0
2024-07-05 17:20:00,24.16,63.94,42.0
2024-07-05 17:30:00,24.1,63.86,42.0
2024-07-05 17:40:00,24.04,63.79,42.0
2024-07-05 17:50:00,23.89,64.18,42.0
2024-07-05 18:00:00,23.82,64.24,42.0
2024-07-05 18:10:00,23.75,64.29,42.0
2024-07-05 18:20:00,23.71,64.81,42.0
2024-07-05 18:30:00,23.66,64.82,42.0
2024-07-05 18:40:00,23.62,64.82,42.0
2024-07-05 18:50:00,23.53,65.41,42.0
2024-07-05 19:00:00,23.71,64.78,42.0
2024-07-05 19:10:00,23.89,64.14,42.0
2024-07-05 19:20:00,24.26,63.4,42.0
2024-07-05 19:30:00,24.36,63.5,42.0
2024-07-05 19:40:00,24.46,63.59,42.0
2024-07-05 19:50:00,24.59,63.27,42.0
2024-07-05 20:00:00,24.63,63.5,42.0
2024-07-05 20:10:00,24.67,63.73,42.0
2024-07-05 20:20:00,24.78,65.31,42.0
2024-07-05 20:30:00,24.84,66.34,42.0
2024-07-05 20:40:00,24.91,67.38,42.0
2024-07-05 20:50:00,24.98,68.75,42.0
2024-07-05 21:00:00,25.01,69.25,42.0
2024-07-05 21:10:00,25.03,69.75,42.0
2024-07-05 21:20:00,25.1,71.01,42.0
2024-07-05 21:30:00,25.14,71.16,42.0
2024-07-05 21:40:00,25.17,71.32,42.0
2024-07-05 21:50:00,25.19,72.25,42.0
2024-07-05 22:00:00,25.22,72.62,42.0
2024-07-05 22:10:00,25.26,72.99,42.0
2024-07-05 22:20:00,25.29,73.38,42.0
2024-07-05 22:30:00,25.32,73.6,42.0
2024-07-05 22:40:00,25.34,73.81,42.0
2024-07-05 22:50:00,25.38,74.45,42.0
2024-07-05 23:00:00,25.38,74.52,42.0
2024-07-05 23:10:00,25.39,74.59,42.0
2024-07-05 23:20:00,25.44,75.07,42.0
2024-07-05 23:30:00,25.46,75.28,42.0
2024-07-05 23:40:00,25.48,75.5,42.0
2024-07-05 23:50:00,25.46,74.68,42.0
2024-07-06 00:00:00,25.47,74.53,42.0
2024-07-06 00:10:00,25.48,74.38,42.0
2024-07-06 00:20:00,25.52,74.38,42.0
2024-07-06 00:30:00,25.52,74.18,42.0
2024-07-06 00:40:00,25.53,73.99,42.0
2024-07-06 00:50:00,25.55,74.13,42.0
2024-07-06 01:00:00,25.56,74.34,42.0
2024-07-06 01:10:00,25.56,74.55,42.0
2024-07-06 01:20:00,25.58,75.75,42.0
2024-07-06 01:30:00,25.58,76.33,42.0
2024-07-06 01:40:00,25.59,76.91,42.0
2024-07-06 01:50:00,25.65,77.84,42.0
2024-07-06 02:00:00,25.66,78.27,42.0
2024-07-06 02:10:00,25.68,78.7,42.0
2024-07-06 02:20:00,25.66,79.11,42.0
2024-07-06 02:30:00,25.67,78.94,42.0
2024-07-06 02:40:00,25.68,78.78,42.0
2024-07-06 02:50:00,25.7,78.8,42.0
2024-07-06 03:00:00,25.71,78.94,42.0
2024-07-06 03:10:00,25.72,79.09,42.0
2024-07-06 03:20:00,25.76,79.59,42.0
2024-07-06 03:30:00,25.76,79.68,42.0
2024-07-06 03:40:00,25.77,79.77,42.0
2024-07-06 03:50:00,25.76,79.73,42.0
2024-07-06 04:00:00,25.78,79.68,42.0
2024-07-06 04:10:00,25.79,79.64,42.0
2024-07-06 04:20:00,25.79,79.75,42.0
2024-07-06 04:30:00,25.8,79.73,42.0
2024-07-06 04:40:00,25.8,79.71,42.0
2024-07-06 04:50:00,25.84,79.83,42.0
2024-07-06 05:00:00,25.84,79.88,42.0
2024-07-06 05:10:00,25.84,79.94,42.0
2024-07-06 05:20:00,25.83,79.95,42.0
2024-07-06 05:30:00,25.84,80.18,42.0
2024-07-06 05:40:00,25.86,80.42,42.0
2024-07-06 05:50:00,25.89,80.41,42.0
2024-07-06 06:00:00,25.89,80.32,42.0
2024-07-06 06:10:00,25.89,80.23,42.0
2024-07-06 06:20:00,25.92,80.5,42.0
2024-07-06 06:30:00,25.92,80.56,42.0
2024-07-06 06:40:00,25.93,80.63,42.0
2024-07-06 06:50:00,25.94,80.49,42.0
2024-07-06 07:00:00,25.94,80.48,42.0
2024-07-06 07:10:00,25.93,80.47,42.0
2024-07-06 07:20:00,25.93,80.49,42.0
2024-07-06 07:30:00,25.94,80.7,42.0
2024-07-06 07:40:00,25.96,80.91,42.0
2024-07-06 07:50:00,26.0,81.47,42.0
2024-07-06 08:00:00,26.0,81.5,42.0
2024-07-06 08:10:00,26.0,81.53,42.0
2024-07-06 08:20:00,26.01,81.63,42.0
2024-07-06 08:30:00,26.02,81.62,42.0
2024-07-06 08:40:00,26.03,81.61,42.0
2024-07-06 08:50:00,26.05,81.57,42.0
2024-07-06 09:00:00,26.12,81.58,42.0
2024-07-06 09:10:00,26.19,81.6,42.0
2024-07-06 09:20:00,26.26,81.18,42.0
2024-07-06 09:30:00,26.28,81.06,42.0
2024-07-06 09:40:00,26.31,80.93,42.0
2024-07-06 09:50:00,26.35,80.78,42.0
2024-07-06 10:00:00,26.38,80.68,42.0
2024-07-06 10:10:00,26.41,80.58,42.0
2024-07-06 10:20:00,26.45,79.9,42.0
2024-07-06 10:30:00,26.5,79.9,42.0
2024-07-06 10:40:00,26.55,79.9,42.0
2024-07-06 10:50:00,26.63,80.06,42.0
2024-07-06 11:00:00,26.67,80.13,42.0
2024-07-06 11:10:00,26.71,80.2,42.0
2024-07-06 11:20:00,26.78,80.1,42.0
2024-07-06 11:30:00,26.82,80.0,42.0
2024-07-06 11:40:00,26.85,79.9,42.0
2024-07-06 11:50:00,26.86,79.62,42.0
2024-07-06 12:00:00,26.93,79.64,42.0
2024-07-06 12:10:00,27.0,79.66,42.0
2024-07-06 12:20:00,27.09,79.6,42.0
2024-07-06 12:30:00,27.13,79.46,42.0
2024-07-06 12:40:00,27.17,79.31,42.0
2024-07-06 12:50:00,27.26,78.85,42.0
2024-07-06 13:00:00,27.31,78.66,42.0
2024-07-06 13:10:00,27.36,78.47,42.0
2024-07-06 13:20:00,27.44,77.75,42.0
2024-07-06 13:30:00,27.49,77.56,42.0
2024-07-06 13:40:00,27.54,77.38,42.0
2024-07-06 13:50:00,27.67,77.05,42.0
2024-07-06 14:00:00,27.69,76.88,42.0
2024-07-06 14:10:00,27.71,76.72,42.0
2024-07-06 14:20:00,27.75,76.47,42.0
2024-07-06 14:30:00,27.78,76.2,42.0
2024-07-06 14:40:00,27.8,75.94,42.0
2024-07-06 14:50:00,27.81,75.52,42.0
2024-07-06 15:00:00,27.81,75.46,42.0
2024-07-06 15:10:00,27.81,75.4,42.0
2024-07-06 15:20:00,27.84,75.38,42.0
2024-07-06 15:30:00,27.82,75.46,42.0
2024-07-06 15:40:00,27.81,75.54,42.0
2024-07-06 15:50:00,27.8,75.56,42.0
2024-07-06 16:00:00,27.83,75.6,42.0
2024-07-06 16:10:00,27.85,75.64,42.0
2024-07-06 16:20:00,27.95,75.27,42.0
2024-07-06 16:30:00,27.98,75.2,42.0
2024-07-06 16:40:00,28.02,75.13,42.0
2024-07-06 16:50:00,28.08,74.85,42.0
2024-07-06 17:00:00,28.1,74.79,42.0
2024-07-06 17:10:00,28.11,74.73,42.0
2024-07-06 17:20:00,28.18,74.81,42.0
2024-07-06 17:30:00,28.18,74.82,42.0
2024-07-06 17:40:00,28.19,74.84,42.0
2024-07-06 17:50:00,28.18,75.21,42.0
2024-07-06 18:00:00,28.17,75.34,42.0
2024-07-06 18:10:00,28.16,75.47,42.0
2024-07-06 18:20:00,28.15,75.45,42.0
2024-07-06 18:30:00,28.1,75.48,42.0
2024-07-06 18:40:00,28.06,75.52,42.0
2024-07-06 18:50:00,28.01,75.58,42.0
2024-07-06 19:00:00,28.0,75.68,42.0
2024-07-06 19:10:00,27.98,75.77,42.0
2024-07-06 19:20:00,27.91,76.06,42.0
2024-07-06 19:30:00,27.92,76.04,42.0
2024-07-06 19:40:00,27.92,76.03,42.0
2024-07-06 19:50:00,27.87,76.0,42.0
2024-07-06 20:00:00,27.85,76.08,42.0
2024-07-06 20:10:00,27.83,76.15,42.0
2024-07-06 20:20:00,27.8,76.51,42.0
2024-07-06 20:30:00,27.78,76.47,42.0
2024-07-06 20:40:00,27.77,76.44,42.0
2024-07-06 20:50:00,27.74,76.56,42.0
2024-07-06 21:00:00,27.73,76.59,42.0
2024-07-06 21:10:00,27.72,76.61,42.0
2024-07-06 21:20:00,27.71,76.59,42.0
2024-07-06 21:30:00,27.69,76.7,42.0
2024-07-06 21:40:00,27.67,76.82,42.0
2024-07-06 21:50:00,27.67,77.26,42.0
2024-07-06 22:00:00,27.66,77.44,42.0
2024-07-06 22:10:00,27.65,77.62,42.0
2024-07-06 22:20:00,27.61,77.7,42.0
2024-07-06 22:30:00,27.6,77.78,42.0
2024-07-06 22:40:00,27.6,77.85,42.0
2024-07-06 22:50:00,27.57,78.16,42.0
2024-07-06 23:00:00,27.56,78.41,42.0
2024-07-06 23:10:00,27.54,78.66,42.0
2024-07-06 23:20:00,27.51,79.1,42.0
2024-07-06 23:30:00,27.51,79.0,42.0
2024-07-06 23:40:00,27.5,78.9,42.0
2024-07-06 23:50:00,27.48,79.1,42.0
2024-07-07 00:00:00,27.48,79.2,42.0
2024-07-07 00:10:00,27.48,79.31,42.0
2024-07-07 00:20:00,27.47,79.76,42.0
2024-07-07 00:30:00,27.46,79.87,42.0
2024-07-07 00:40:00,27.44,79.98,42.0
2024-07-07 00:50:00,27.46,79.91,42.0
2024-07-07 01:00:00,27.43,80.01,42.0
2024-07-07 01:10:00,27.4,80.11,42.0
2024-07-07 01:20:00,27.44,80.43,42.0
2024-07-07 01:30:00,27.44,80.6,42.0
2024-07-07 01:40:00,27.43,80.76,42.0
2024-07-07 01:50:00,27.39,80.96,42.0
2024-07-07 02:00:00,27.39,81.0,42.0
2024-07-07 02:10:00,27.39,81.04,42.0
2024-07-07 02:20:00,27.39,80.8,42.0
2024-07-07 02:30:00,27.39,80.87,42.0
2024-07-07 02:40:00,27.39,80.94,42.0
2024-07-07 02:50:00,27.37,80.93,42.0
2024-07-07 03:00:00,27.36,80.92,42.0
2024-07-07 03:10:00,27.34,80.9,42.0
2024-07-07 03:20:00,27.33,81.07,42.0
2024-07-07 03:30:00,27.34,81.0,42.0
2024-07-07 03:40:00,27.34,80.92,42.0
2024-07-07 03:50:00,27.36,81.21,42.0
2024-07-07 04:00:00,27.34,81.22,42.0
2024-07-07 04:10:00,27.33,81.24,42.0
2024-07-07 04:20:00,27.32,81.3,42.0
2024-07-07 04:30:00,27.32,81.46,42.0
2024-07-07 04:40:00,27.33,81.61,42.0
2024-07-07 04:50:00,27.3,81.71,42.0
2024-07-07 05:00:00,27.31,81.75,42.0
2024-07-07 05:10:00,27.32,81.79,42.0
2024-07-07 05:20:00,27.29,81.87,42.0
2024-07-07 05:30:00,27.29,81.92,42.0
2024-07-07 05:40:00,27.29,81.97,42.0
2024-07-07 05:50:00,27.27,81.9,42.0
2024-07-07 06:00:00,27.26,81.78,42.0
2024-07-07 06:10:00,27.26,81.65,42.0
2024-07-07 06:20:00,27.26,81.86,42.0
2024-07-07 06:30:00,27.26,81.75,42.0
2024-07-07 06:40:00,27.25,81.64,42.0
2024-07-07 06:50:00,27.22,81.9,42.0
2024-07-07 07:00:00,27.24,81.9,42.0
2024-07-07 07:10:00,27.25,81.9,42.0
2024-07-07 07:20:00,27.23,82.19,42.0
2024-07-07 07:30:00,27.22,81.88,42.0
2024-07-07 07:40:00,27.2,81.56,42.0
2024-07-07 07:50:00,27.22,80.61,42.0
2024-07-07 08:00:00,27.2,80.12,42.0
2024-07-07 08:10:00,27.19,79.63,42.0
2024-07-07 08:20:00,27.16,79.32,42.0
2024-07-07 08:30:00,27.18,79.24,42.0
2024-07-07 08:40:00,27.2,79.15,42.0
2024-07-07 08:50:00,27.19,79.51,42.0
2024-07-07 09:00:00,27.18,79.62,42.0
2024-07-07 09:10:00,27.17,79.73,42.0
2024-07-07 09:20:00,27.2,79.65,42.0
2024-07-07 09:30:00,27.22,79.7,42.0
2024-07-07 09:40:00,27.23,79.75,42.0
2024-07-07 09:50:00,27.19,79.74,42.0
2024-07-07 10:00:00,27.22,79.75,42.0
2024-07-07 10:10:00,27.25,79.76,42.0
2024-07-07 10:20:00,27.26,79.82,42.0
2024-07-07 10:30:00,27.28,79.85,42.0
2024-07-07 10:40:00,27.29,79.89,42.0
2024-07-07 10:50:00,27.33,79.94,42.0
2024-07-07 11:00:00,27.34,79.98,42.0
2024-07-07 11:10:00,27.36,80.03,42.0
2024-07-07 11:20:00,27.39,80.29,42.0
2024-07-07 11:30:00,27.43,80.49,42.0
2024-07-07 11:40:00,27.47,80.69,42.0
2024-07-07 11:50:00,27.58,81.03,42.0
2024-07-07 12:00:00,27.64,80.84,42.0
2024-07-07 12:10:00,27.69,80.65,42.0
2024-07-07 12:20:00,27.8,80.19,42.0
2024-07-07 12:30:00,27.87,79.95,42.0
2024-07-07 12:40:00,27.94,79.71,42.0
2024-07-07 12:50:00,28.09,78.73,42.0
2024-07-07 13:00:00,28.16,78.35,42.0
2024-07-07 13:10:00,28.22,77.97,42.0
2024-07-07 13:20:00,28.38,77.1,42.0
2024-07-07 13:30:00,28.42,76.84,42.0
2024-07-07 13:40:00,28.47,76.59,42.0
2024-07-07 13:50:00,28.53,76.01,42.0
2024-07-07 14:00:00,28.58,75.91,42.0
2024-07-07 14:10:00,28.63,75.81,42.0
2024-07-07 14:20:00,28.71,75.4,42.0
2024-07-07 14:30:00,28.81,75.14,42.0
2024-07-07 14:40:00,28.91,74.87,42.0
2024-07-07 14:50:00,28.93,74.32,42.0
2024-07-07 15:00:00,28.91,74.16,42.0
2024-07-07 15:10:00,28.89,74.0,42.0
2024-07-07 15:20:00,28.83,74.29,42.0
2024-07-07 15:30:00,28.78,74.93,42.0
2024-07-07 15:40:00,28.73,75.56,42.0
2024-07-07 15:50:00,28.66,76.44,42.0
2024-07-07 16:00:00,28.64,76.74,42.0
2024-07-07 16:10:00,28.62,77.05,42.0
2024-07-07 16:20:00,28.55,77.29,42.0
2024-07-07 16:30:00,28.52,77.47,42.0
2024-07-07 16:40:00,28.5,77.65,42.0
2024-07-07 16:50:00,28.49,77.59,42.0
2024-07-07 17:00:00,28.48,77.58,42.0
2024-07-07 17:10:00,28.46,77.56,42.0
2024-07-07 17:20:00,28.46,77.51,42.0
2024-07-07 17:30:00,28.46,77.45,42.0
2024-07-07 17:40:00,28.46,77.39,42.0
2024-07-07 17:50:00,28.47,77.36,42.0
2024-07-07 18:00:00,28.49,77.28,42.0
2024-07-07 18:10:00,28.52,77.2,42.0
2024-07-07 18:20:00,28.47,76.83,42.0
2024-07-07 18:30:00,28.43,76.9,42.0
2024-07-07 18:40:00,28.39,76.98,42.0
2024-07-07 18:50:00,28.4,77.04,42.0
2024-07-07 19:00:00,28.39,77.13,42.0
2024-07-07 19:10:00,28.38,77.22,42.0
2024-07-07 19:20:00,28.3,77.43,42.0
2024-07-07 19:30:00,28.3,77.4,42.0
2024-07-07 19:40:00,28.29,77.36,42.0
2024-07-07 19:50:00,28.25,77.22,42.0
2024-07-07 20:00:00,28.24,77.22,42.0
2024-07-07 20:10:00,28.22,77.21,42.0
2024-07-07 20:20:00,28.19,77.22,42.0
2024-07-07 20:30:00,28.18,77.28,42.0
2024-07-07 20:40:00,28.18,77.34,42.0
2024-07-07 20:50:00,28.15,77.47,42.0
2024-07-07 21:00:00,28.14,77.4,42.0
2024-07-07 21:10:00,28.12,77.34,42.0
2024-07-07 21:20:00,28.11,77.48,42.0
2024-07-07 21:30:00,28.1,77.58,42.0
2024-07-07 21:40:00,28.08,77.68,42.0
2024-07-07 21:50:00,28.09,77.62,42.0
2024-07-07 22:00:00,28.06,77.69,42.0
2024-07-07 22:10:00,28.02,77.76,42.0
2024-07-07 22:20:00,28.02,77.94,42.0
2024-07-07 22:30:00,28.0,77.96,42.0
2024-07-07 22:40:00,27.98,77.99,42.0
2024-07-07 22:50:00,28.01,78.01,42.0
2024-07-07 23:00:00,27.99,78.04,42.0
2024-07-07 23:10:00,27.97,78.06,42.0
2024-07-07 23:20:00,27.97,78.1,42.0
2024-07-07 23:30:00,27.94,78.12,42.0
2024-07-07 23:40:00,27.92,78.14,42.0
2024-07-07 23:50:00,27.92,78.2,42.0
2024-07-08 00:00:00,27.9,78.38,42.0
2024-07-08 00:10:00,27.89,78.55,42.0
2024-07-08 00:20:00,27.89,78.43,42.0
2024-07-08 00:30:00,27.88,78.42,42.0
2024-07-08 00:40:00,27.88,78.41,42.0
2024-07-08 00:50:00,27.88,78.37,42.0
2024-07-08 01:00:00,27.86,78.49,42.0
2024-07-08 01:10:00,27.85,78.61,42.0
2024-07-08 01:20:00,27.88,78.92,42.0
2024-07-08 01:30:00,27.86,78.99,42.0
2024-07-08 01:40:00,27.84,79.06,42.0
2024-07-08 01:50:00,27.84,79.22,42.0
2024-07-08 02:00:00,27.84,79.24,42.0
2024-07-08 02:10:00,27.84,79.26,42.0
2024-07-08 02:20:00,27.84,79.65,42.0
2024-07-08 02:30:00,27.84,79.62,42.0
2024-07-08 02:40:00,27.83,79.6,42.0
2024-07-08 02:50:00,27.78,79.6,42.0
2024-07-08 03:00:00,27.76,79.54,42.0
2024-07-08 03:10:00,27.75,79.49,42.0
2024-07-08 03:20:00,27.77,79.52,42.0
2024-07-08 03:30:00,27.76,79.63,42.0
2024-07-08 03:40:00,27.74,79.74,42.0
2024-07-08 03:50:00,27.77,80.15,42.0
2024-07-08 04:00:00,27.76,80.27,42.0
2024-07-08 04:10:00,27.75,80.39,42.0
2024-07-08 04:20:00,27.72,80.35,42.0
2024-07-08 04:30:00,27.74,80.39,42.0
2024-07-08 04:40:00,27.75,80.43,42.0
2024-07-08 04:50:00,27.71,80.54,42.0
2024-07-08 05:00:00,27.71,80.77,42.0
2024-07-08 05:10:00,27.71,81.0,42.0
2024-07-08 05:20:00,27.69,80.9,42.0
2024-07-08 05:30:00,27.68,80.93,42.0
2024-07-08 05:40:00,27.68,80.95,42.0
2024-07-08 05:50:00,27.67,81.11,42.0
2024-07-08 06:00:00,27.68,81.1,42.0
2024-07-08 06:10:00,27.69,81.1,42.0
2024-07-08 06:20:00,27.67,81.26,42.0
2024-07-08 06:30:00,27.54,80.33,42.0
2024-07-08 06:40:00,27.4,79.4,42.0
2024-07-08 06:50:00,27.0,77.23,42.0
2024-07-08 07:00:00,26.8,76.08,42.0
2024-07-08 07:10:00,26.61,74.93,42.0
2024-07-08 07:20:00,26.23,72.01,42.0
2024-07-08 07:30:00,26.02,70.58,42.0
2024-07-08 07:40:00,25.8,69.14,42.0
2024-07-08 07:50:00,25.39,66.52,42.0
2024-07-08 08:00:00,25.24,65.41,42.0
2024-07-08 08:10:00,25.08,64.3,42.0
2024-07-08 08:20:00,24.76,63.13,42.0
2024-07-08 08:30:00,24.6,62.7,42.0
2024-07-08 08:40:00,24.44,62.28,42.0
2024-07-08 08:50:00,24.3,61.81,42.0
2024-07-08 09:00:00,24.24,61.86,42.0
2024-07-08 09:10:00,24.18,61.91,42.0
2024-07-08 09:20:00,24.08,62.64,42.0
2024-07-08 09:30:00,24.03,62.94,42.0
2024-07-08 09:40:00,23.98,63.23,42.0
2024-07-08 09:50:00,23.91,63.65,42.0
2024-07-08 10:00:00,23.86,63.3,42.0
2024-07-08 10:10:00,23.81,62.95,42.0
2024-07-08 10:20:00,23.82,62.94,42.0
2024-07-08 10:30:00,23.8,62.79,42.0
2024-07-08 10:40:00,23.78,62.64,42.0
2024-07-08 10:50:00,23.7,62.61,42.0
2024-07-08 11:00:00,23.74,62.34,42.0
2024-07-08 11:10:00,23.78,62.08,42.0
2024-07-08 11:20:00,23.89,62.9,42.0
2024-07-08 11:30:00,23.92,62.73,42.0
2024-07-08 11:40:00,23.94,62.56,42.0
2024-07-08 11:50:00,24.01,62.7,42.0
2024-07-08 12:00:00,24.04,63.39,42.0
2024-07-08 12:10:00,24.08,64.08,42.0
2024-07-08 12:20:00,24.19,63.19,42.0
2024-07-08 12:30:00,24.18,63.14,42.0
2024-07-08 12:40:00,24.18,63.09,42.0
2024-07-08 12:50:00,24.11,64.27,42.0
2024-07-08 13:00:00,24.11,64.5,42.0
2024-07-08 13:10:00,24.11,64.72,42.0
2024-07-08 13:20:00,24.01,65.43,42.0
2024-07-08 13:30:00,24.04,65.9,42.0
2024-07-08 13:40:00,24.08,66.36,42.0
2024-07-08 13:50:00,24.05,65.89,42.0
2024-07-08 14:00:00,24.03,65.74,42.0
2024-07-08 14:10:00,24.01,65.59,42.0
2024-07-08 14:20:00,24.02,66.64,42.0
2024-07-08 14:30:00,24.06,66.48,42.0
2024-07-08 14:40:00,24.11,66.33,42.0
2024-07-08 14:50:00,23.99,66.29,42.0
2024-07-08 15:00:00,23.96,66.06,42.0
2024-07-08 15:10:00,23.92,65.84,42.0
2024-07-08 15:20:00,23.95,67.35,42.0
2024-07-08 15:30:00,23.94,67.17,42.0
2024-07-08 15:40:00,23.92,66.99,42.0
2024-07-08 15:50:00,23.85,67.62,42.0
2024-07-08 16:00:00,23.86,66.9,42.0
2024-07-08 16:10:00,23.87,66.17,42.0
2024-07-08 16:20:00,23.8,66.62,42.0
2024-07-08 16:30:00,23.79,66.94,42.0
2024-07-08 16:40:00,23.78,67.25,42.0
2024-07-08 16:50:00,23.64,66.71,42.0
2024-07-08 17:00:00,23.62,66.57,42.0
2024-07-08 17:10:00,23.6,66.44,42.0
2024-07-08 17:20:00,23.56,66.48,42.0
2024-07-08 17:30:00,23.56,67.1,42.0
2024-07-08 17:40:00,23.56,67.71,42.0
2024-07-08 17:50:00,23.57,67.95,42.0
2024-07-08 18:00:00,23.56,67.9,42.0
2024-07-08 18:10:00,23.54,67.86,42.0
2024-07-08 18:20:00,23.53,68.06,42.0
2024-07-08 18:30:00,23.52,67.56,42.0
2024-07-08 18:40:00,23.5,67.06,42.0
2024-07-08 18:50:00,23.3,67.46,42.0
2024-07-08 19:00:00,23.55,67.03,42.0
2024-07-08 19:10:00,23.8,66.6,42.0
2024-07-08 19:20:00,24.13,67.16,42.0
2024-07-08 19:30:00,24.26,67.69,42.0
2024-07-08 19:40:00,24.39,68.23,42.0
2024-07-08 19:50:00,24.5,68.76,42.0
2024-07-08 20:00:00,24.57,68.89,42.0
2024-07-08 20:10:00,24.64,69.02,42.0
2024-07-08 20:20:00,24.76,69.19,42.0
2024-07-08 20:30:00,24.82,69.85,42.0
2024-07-08 20:40:00,24.87,70.52,42.0
2024-07-08 20:50:00,24.94,70.59,42.0
2024-07-08 21:00:00,24.98,71.02,42.0
2024-07-08 21:10:00,25.01,71.45,42.0
2024-07-08 21:20:00,25.11,72.45,42.0
2024-07-08 21:30:00,25.12,73.02,42.0
2024-07-08 21:40:00,25.14,73.58,42.0
2024-07-08 21:50:00,25.18,73.98,42.0
2024-07-08 22:00:00,25.22,74.32,42.0
2024-07-08 22:10:00,25.26,74.65,42.0
2024-07-08 22:20:00,25.34,74.69,42.0
2024-07-08 22:30:00,25.34,74.81,42.0
2024-07-08 22:40:00,25.35,74.92,42.0
2024-07-08 22:50:00,25.41,74.79,42.0
2024-07-08 23:00:00,25.42,75.08,42.0
2024-07-08 23:10:00,25.44,75.37,42.0
2024-07-08 23:20:00,25.49,75.45,42.0
2024-07-08 23:30:00,25.5,75.5,42.0
2024-07-08 23:40:00,25.52,75.56,42.0
2024-07-08 23:50:00,25.55,75.82,42.0
2024-07-09 00:00:00,25.58,75.81,42.0
2024-07-09 00:10:00,25.61,75.79,42.0
2024-07-09 00:20:00,25.61,76.15,42.0
2024-07-09 00:30:00,25.62,76.35,42.0
2024-07-09 00:40:00,25.62,76.55,42.0
2024-07-09 00:50:00,25.68,76.51,42.0
2024-07-09 01:00:00,25.69,76.76,42.0
2024-07-09 01:10:00,25.7,77.01,42.0
2024-07-09 01:20:00,25.72,77.25,42.0
2024-07-09 01:30:00,25.74,77.37,42.0
2024-07-09 01:40:00,25.75,77.49,42.0
2024-07-09 01:50:00,25.75,77.78,42.0
2024-07-09 02:00:00,25.77,77.9,42.0
2024-07-09 02:10:00,25.79,78.03,42.0
2024-07-09 02:20:00,25.82,78.02,42.0
2024-07-09 02:30:00,25.81,78.0,42.0
2024-07-09 02:40:00,25.8,77.99,42.0
2024-07-09 02:50:00,25.83,78.07,42.0
2024-07-09 03:00:00,25.84,78.06,42.0
2024-07-09 03:10:00,25.86,78.06,42.0
2024-07-09 03:20:00,25.87,78.04,42.0
2024-07-09 03:30:00,25.88,78.18,42.0
2024-07-09 03:40:00,25.9,78.31,42.0
2024-07-09 03:50:00,25.92,78.21,42.0
2024-07-09 04:00:00,25.92,78.29,42.0
2024-07-09 04:10:00,25.93,78.38,42.0
2024-07-09 04:20:00,25.92,78.28,42.0
2024-07-09 04:30:00,25.93,78.49,42.0
2024-07-09 04:40:00,25.94,78.7,42.0
2024-07-09 04:50:00,25.97,79.3,42.0
2024-07-09 05:00:00,25.97,79.3,42.0
2024-07-09 05:10:00,25.97,79.3,42.0
2024-07-09 05:20:00,25.99,79.69,42.0
2024-07-09 05:30:00,26.0,79.74,42.0
2024-07-09 05:40:00,26.01,79.8,42.0
2024-07-09 05:50:00,26.01,80.32,42.0
2024-07-09 06:00:00,26.02,80.22,42.0
2024-07-09 06:10:00,26.04,80.13,42.0
2024-07-09 06:20:00,26.05,80.27,42.0
2024-07-09 06:30:00,25.84,78.16,42.0
2024-07-09 06:40:00,25.62,76.04,42.0
2024-07-09 06:50:00,25.13,73.82,42.0
2024-07-09 07:00:00,24.94,73.15,42.0
2024-07-09 07:10:00,24.76,72.48,42.0
2024-07-09 07:20:00,24.49,70.65,42.0
2024-07-09 07:30:00,24.36,69.76,42.0
2024-07-09 07:40:00,24.23,68.87,42.0
2024-07-09 07:50:00,23.91,66.71,42.0
2024-07-09 08:00:00,23.74,65.81,42.0
2024-07-09 08:10:00,23.58,64.9,42.0
2024-07-09 08:20:00,23.31,63.81,42.0
2024-07-09 08:30:00,23.24,63.4,42.0
2024-07-09 08:40:00,23.17,62.99,42.0
2024-07-09 08:50:00,23.1,64.38,42.0
2024-07-09 09:00:00,23.11,64.64,42.0
2024-07-09 09:10:00,23.12,64.91,42.0
2024-07-09 09:20:00,23.09,63.84,42.0
2024-07-09 09:30:00,23.09,64.04,42.0
2024-07-09 09:40:00,23.09,64.25,42.0
2024-07-09 09:50:00,23.1,64.02,42.0
2024-07-09 10:00:00,23.1,64.0,42.0
2024-07-09 10:10:00,23.1,63.99,42.0
2024-07-09 10:20:00,23.09,65.29,42.0
2024-07-09 10:30:00,23.08,65.04,42.0
2024-07-09 10:40:00,23.06,64.78,42.0
2024-07-09 10:50:00,23.06,63.98,42.0
2024-07-09 11:00:00,23.1,64.48,42.0
2024-07-09 11:10:00,23.13,64.98,42.0
2024-07-09 11:20:00,23.07,64.46,42.0
2024-07-09 11:30:00,23.1,64.39,42.0
2024-07-09 11:40:00,23.13,64.32,42.0
2024-07-09 11:50:00,23.15,64.53,42.0
2024-07-09 12:00:00,23.17,64.73,42.0
2024-07-09 12:10:00,23.2,64.71,42.0
2024-07-09 12:20:00,23.22,64.64,42.0
2024-07-09 12:30:00,23.24,64.58,42.0
2024-07-09 12:40:00,23.29,64.85,42.0
2024-07-09 12:50:00,23.21,64.3,42.0
2024-07-09 13:00:00,23.13,63.76,42.0
2024-07-09 13:10:00,23.2,64.87,42.0
2024-07-09 13:20:00,23.14,65.18,42.0
2024-07-09 13:30:00,23.09,65.49,42.0
2024-07-09 13:40:00,23.1,66.6,42.0
2024-07-09 13:50:00,23.08,66.25,42.0
2024-07-09 14:00:00,23.06,65.9,42.0
2024-07-09 14:10:00,23.06,66.22,42.0
2024-07-09 14:20:00,23.02,66.16,42.0
2024-07-09 14:30:00,22.99,66.11,42.0
2024-07-09 14:40:00,23.02,67.17,42.0
2024-07-09 14:50:00,23.04,67.22,42.0
2024-07-09 15:00:00,23.05,67.26,42.0
2024-07-09 15:10:00,23.16,66.09,42.0
2024-07-09 15:20:00,23.24,66.13,42.0
2024-07-09 15:30:00,23.33,66.17,42.0
2024-07-09 15:40:00,23.6,66.46,42.0
2024-07-09 15:50:00,23.7,66.26,42.0
2024-07-09 16:00:00,23.81,66.05,42.0
2024-07-09 16:10:00,23.89,67.0,42.0
2024-07-09 16:20:00,23.86,66.94,42.0
2024-07-09 16:30:00,23.84,66.89,42.0
2024-07-09 16:40:00,23.77,66.8,42.0
2024-07-09 16:50:00,23.76,66.74,42.0
2024-07-09 17:00:00,23.75,66.69,42.0
2024-07-09 17:10:00,23.72,66.45,42.0
2024-07-09 17:20:00,23.77,66.33,42.0
2024-07-09 17:30:00,23.82,66.21,42.0
2024-07-09 17:40:00,23.91,66.15,42.0
2024-07-09 17:50:00,23.98,65.74,42.0
2024-07-09 18:00:00,24.05,65.32,42.0
2024-07-09 18:10:00,24.08,66.18,42.0
2024-07-09 18:20:00,24.08,66.27,42.0
2024-07-09 18:30:00,24.09,66.36,42.0
2024-07-09 18:40:00,23.97,66.27,42.0
2024-07-09 18:50:00,23.92,65.9,42.0
2024-07-09 19:00:00,23.87,65.53,42.0
2024-07-09 19:10:00,24.3,64.85,42.0
2024-07-09 19:20:00,24.44,64.94,42.0
2024-07-09 19:30:00,24.57,65.04,42.0
2024-07-09 19:40:00,24.73,65.27,42.0
2024-07-09 19:50:00,24.78,65.4,42.0
2024-07-09 20:00:00,24.84,65.54,42.0
2024-07-09 20:10:00,24.91,65.88,42.0
2024-07-09 20:20:00,24.97,66.53,42.0
2024-07-09 20:30:00,25.03,67.17,42.0
2024-07-09 20:40:00,25.07,67.68,42.0
2024-07-09 20:50:00,25.09,68.02,42.0
2024-07-09 21:00:00,25.11,68.35,42.0
2024-07-09 21:10:00,25.17,69.32,42.0
2024-07-09 21:20:00,25.19,69.51,42.0
2024-07-09 21:30:00,25.21,69.7,42.0
2024-07-09 21:40:00,25.28,70.19,42.0
2024-07-09 21:50:00,25.28,70.46,42.0
2024-07-09 22:00:00,25.29,70.74,42.0
2024-07-09 22:10:00,25.35,71.28,42.0
2024-07-09 22:20:00,25.37,71.54,42.0
2024-07-09 22:30:00,25.39,71.8,42.0
2024-07-09 22:40:00,25.41,72.25,42.0
2024-07-09 22:50:00,25.43,72.23,42.0
2024-07-09 23:00:00,25.45,72.21,42.0
2024-07-09 23:10:00,25.48,72.48,42.0
2024-07-09 23:20:00,25.48,72.4,42.0
2024-07-09 23:30:00,25.49,72.32,42.0
2024-07-09 23:40:00,25.53,72.73,42.0
2024-07-09 23:50:00,25.53,72.97,42.0
2024-07-10 00:00:00,25.53,73.22,42.0
2024-07-10 00:10:00,25.55,73.83,42.0
2024-07-10 00:20:00,25.56,73.91,42.0
2024-07-10 00:30:00,25.58,74.0,42.0
2024-07-10 00:40:00,25.62,74.3,42.0
2024-07-10 00:50:00,25.62,74.46,42.0
2024-07-10 01:00:00,25.61,74.61,42.0
2024-07-10 01:10:00,25.66,75.02,42.0
2024-07-10 01:20:00,25.68,75.44,42.0
2024-07-10 01:30:00,25.69,75.86,42.0
2024-07-10 01:40:00,25.69,75.98,42.0
2024-07-10 01:50:00,25.7,76.37,42.0
2024-07-10 02:00:00,25.7,76.75,42.0
2024-07-10 02:10:00,25.72,76.78,42.0
2024-07-10 02:20:00,25.72,76.69,42.0
2024-07-10 02:30:00,25.73,76.6,42.0
2024-07-10 02:40:00,25.79,76.51,42.0
2024-07-10 02:50:00,25.79,76.72,42.0
2024-07-10 03:00:00,25.79,76.93,42.0
2024-07-10 03:10:00,25.77,77.01,42.0
2024-07-10 03:20:00,25.8,77.14,42.0
2024-07-10 03:30:00,25.83,77.27,42.0
2024-07-10 03:40:00,25.82,77.24,42.0
2024-07-10 03:50:00,25.82,77.32,42.0
2024-07-10 04:00:00,25.83,77.4,42.0
2024-07-10 04:10:00,25.83,77.7,42.0
2024-07-10 04:20:00,25.84,77.92,42.0
2024-07-10 04:30:00,25.86,78.14,42.0
2024-07-10 04:40:00,25.87,78.32,42.0
2024-07-10 04:50:00,25.86,78.44,42.0
2024-07-10 05:00:00,25.86,78.55,42.0
2024-07-10 05:10:00,25.89,79.04,42.0
2024-07-10 05:20:00,25.89,79.09,42.0
2024-07-10 05:30:00,25.89,79.14,42.0
2024-07-10 05:40:00,25.9,79.28,42.0
2024-07-10 05:50:00,25.92,79.38,42.0
2024-07-10 06:00:00,25.93,79.49,42.0
2024-07-10 06:10:00,25.92,79.65,42.0
2024-07-10 06:20:00,25.92,79.71,42.0
2024-07-10 06:30:00,25.93,79.76,42.0
2024-07-10 06:40:00,25.49,75.48,42.0
2024-07-10 06:50:00,25.22,74.31,42.0
2024-07-10 07:00:00,24.94,73.14,42.0
2024-07-10 07:10:00,24.64,71.69,42.0
2024-07-10 07:20:00,24.48,70.77,42.0
2024-07-10 07:30:00,24.32,69.85,42.0
2024-07-10 07:40:00,24.05,68.22,42.0
2024-07-10 07:50:00,23.91,67.08,42.0
2024-07-10 08:00:00,23.77,65.94,42.0
2024-07-10 08:10:00,23.41,64.45,42.0
2024-07-10 08:20:00,23.34,64.03,42.0
2024-07-10 08:30:00,23.26,63.6,42.0
2024-07-10 08:40:00,23.1,62.92,42.0
2024-07-10 08:50:00,23.04,62.75,42.0
2024-07-10 09:00:00,22.98,62.58,42.0
2024-07-10 09:10:00,22.96,62.24,42.0
2024-07-10 09:20:00,22.94,62.3,42.0
2024-07-10 09:30:00,22.92,62.36,42.0
2024-07-10 09:40:00,22.93,62.21,42.0
2024-07-10 09:50:00,22.96,62.02,42.0
2024-07-10 10:00:00,22.99,61.82,42.0
2024-07-10 10:10:00,22.99,62.04,42.0
2024-07-10 10:20:00,23.0,61.98,42.0
2024-07-10 10:30:00,23.01,61.92,42.0
2024-07-10 10:40:00,23.07,62.52,42.0
2024-07-10 10:50:00,23.02,62.49,42.0
2024-07-10 11:00:00,22.98,62.46,42.0
2024-07-10 11:10:00,22.99,63.92,42.0
2024-07-10 11:20:00,23.08,63.92,42.0
2024-07-10 11:30:00,23.16,63.93,42.0
2024-07-10 11:40:00,23.23,64.63,42.0
2024-07-10 11:50:00,23.32,64.74,42.0
2024-07-10 12:00:00,23.41,64.85,42.0
2024-07-10 12:10:00,23.54,65.13,42.0
2024-07-10 12:20:00,23.59,64.51,42.0
2024-07-10 12:30:00,23.64,63.89,42.0
2024-07-10 12:40:00,23.67,64.34,42.0
2024-07-10 12:50:00,23.7,63.94,42.0
2024-07-10 13:00:00,23.72,63.54,42.0
2024-07-10 13:10:00,23.81,63.72,42.0
2024-07-10 13:20:00,23.8,64.1,42.0
2024-07-10 13:30:00,23.8,64.49,42.0
2024-07-10 13:40:00,23.77,63.63,42.0
2024-07-10 13:50:00,23.78,63.54,42.0
2024-07-10 14:00:00,23.78,63.44,42.0
2024-07-10 14:10:00,23.8,63.6,42.0
2024-07-10 14:20:00,23.83,64.03,42.0
2024-07-10 14:30:00,23.85,64.45,42.0
2024-07-10 14:40:00,23.98,63.87,42.0
2024-07-10 14:50:00,23.98,63.66,42.0
2024-07-10 15:00:00,23.97,63.46,42.0
2024-07-10 15:10:00,24.02,63.6,42.0
2024-07-10 15:20:00,24.06,63.36,42.0
2024-07-10 15:30:00,24.11,63.11,42.0
2024-07-10 15:40:00,24.2,64.28,42.0
2024-07-10 15:50:00,24.3,63.99,42.0
2024-07-10 16:00:00,24.39,63.7,42.0
2024-07-10 16:10:00,24.47,64.21,42.0
2024-07-10 16:20:00,24.44,64.4,42.0
2024-07-10 16:30:00,24.42,64.6,42.0
2024-07-10 16:40:00,24.32,64.35,42.0
2024-07-10 16:50:00,24.26,64.19,42.0
2024-07-10 17:00:00,24.2,64.04,42.0
2024-07-10 17:10:00,24.2,64.39,42.0
2024-07-10 17:20:00,24.2,64.47,42.0
2024-07-10 17:30:00,24.19,64.55,42.0
2024-07-10 17:40:00,24.12,64.1,42.0
2024-07-10 17:50:00,24.12,63.96,42.0
2024-07-10 18:00:00,24.11,63.82,42.0
2024-07-10 18:10:00,23.95,63.66,42.0
2024-07-10 18:20:00,23.86,63.61,42.0
2024-07-10 18:30:00,23.78,63.57,42.0
2024-07-10 18:40:00,23.61,63.97,42.0
2024-07-10 18:50:00,23.55,63.65,42.0
2024-07-10 19:00:00,23.49,63.33,42.0
2024-07-10 19:10:00,24.11,63.3,42.0
2024-07-10 19:20:00,24.27,64.19,42.0
2024-07-10 19:30:00,24.43,65.09,42.0
2024-07-10 19:40:00,24.64,65.77,42.0
2024-07-10 19:50:00,24.7,65.9,42.0
2024-07-10 20:00:00,24.76,66.03,42.0
2024-07-10 20:10:00,24.88,67.62,42.0
2024-07-10 20:20:00,24.9,68.28,42.0
2024-07-10 20:30:00,24.91,68.95,42.0
2024-07-10 20:40:00,25.01,68.59,42.0
2024-07-10 20:50:00,25.06,69.04,42.0
2024-07-10 21:00:00,25.1,69.5,42.0
2024-07-10 21:10:00,25.14,70.59,42.0
2024-07-10 21:20:00,25.18,70.51,42.0
2024-07-10 21:30:00,25.22,70.43,42.0
2024-07-10 21:40:00,25.28,71.02,42.0
2024-07-10 21:50:00,25.28,71.12,42.0
2024-07-10 22:00:00,25.29,71.23,42.0
2024-07-10 22:10:00,25.35,72.11,42.0
2024-07-10 22:20:00,25.36,72.42,42.0
2024-07-10 22:30:00,25.38,72.74,42.0
2024-07-10 22:40:00,25.42,73.16,42.0
2024-07-10 22:50:00,25.45,73.36,42.0
2024-07-10 23:00:00,25.48,73.57,42.0
2024-07-10 23:10:00,25.52,73.37,42.0
2024-07-10 23:20:00,25.52,73.49,42.0
2024-07-10 23:30:00,25.52,73.61,42.0
2024-07-10 23:40:00,25.58,74.05,42.0
2024-07-10 23:50:00,25.58,73.98,42.0
2024-07-11 00:00:00,25.59,73.91,42.0
2024-07-11 00:10:00,25.61,74.15,42.0
2024-07-11 00:20:00,25.62,74.26,42.0
2024-07-11 00:30:00,25.62,74.37,42.0
2024-07-11 00:40:00,25.66,74.33,42.0
2024-07-11 00:50:00,25.68,74.67,42.0
2024-07-11 01:00:00,25.69,75.01,42.0
2024-07-11 01:10:00,25.73,75.53,42.0
2024-07-11 01:20:00,25.75,75.91,42.0
2024-07-11 01:30:00,25.77,76.3,42.0
2024-07-11 01:40:00,25.77,76.67,42.0
2024-07-11 01:50:00,25.77,77.02,42.0
2024-07-11 02:00:00,25.77,77.37,42.0
2024-07-11 02:10:00,25.8,77.12,42.0
2024-07-11 02:20:00,25.82,77.1,42.0
2024-07-11 02:30:00,25.83,77.08,42.0
2024-07-11 02:40:00,25.86,77.4,42.0
2024-07-11 02:50:00,25.86,77.7,42.0
2024-07-11 03:00:00,25.87,78.0,42.0
2024-07-11 03:10:00,25.9,78.26,42.0
2024-07-11 03:20:00,25.91,78.5,42.0
2024-07-11 03:30:00,25.92,78.73,42.0
2024-07-11 03:40:00,25.93,78.64,42.0
2024-07-11 03:50:00,25.94,78.46,42.0
2024-07-11 04:00:00,25.94,78.27,42.0
2024-07-11 04:10:00,25.94,78.01,42.0
2024-07-11 04:20:00,25.93,78.0,42.0
2024-07-11 04:30:00,25.92,77.98,42.0
2024-07-11 04:40:00,25.96,78.12,42.0
2024-07-11 04:50:00,25.96,78.28,42.0
2024-07-11 05:00:00,25.97,78.44,42.0
2024-07-11 05:10:00,26.01,78.67,42.0
2024-07-11 05:20:00,26.01,78.75,42.0
2024-07-11 05:30:00,26.01,78.83,42.0
2024-07-11 05:40:00,26.05,79.33,42.0
2024-07-11 05:50:00,26.05,79.42,42.0
2024-07-11 06:00:00,26.05,79.51,42.0
2024-07-11 06:10:00,26.04,79.4,42.0
2024-07-11 06:20:00,26.04,79.4,42.0
2024-07-11 06:30:00,26.05,79.39,42.0
2024-07-11 06:40:00,25.62,75.01,42.0
2024-07-11 06:50:00,25.4,73.97,42.0
2024-07-11 07:00:00,25.19,72.94,42.0
2024-07-11 07:10:00,24.86,71.62,42.0
2024-07-11 07:20:00,24.7,70.67,42.0
2024-07-11 07:30:00,24.55,69.72,42.0
2024-07-11 07:40:00,24.29,68.2,42.0
2024-07-11 07:50:00,24.14,67.18,42.0
2024-07-11 08:00:00,23.98,66.16,42.0
2024-07-11 08:10:00,23.71,64.54,42.0
2024-07-11 08:20:00,23.6,64.04,42.0
2024-07-11 08:30:00,23.5,63.54,42.0
2024-07-11 08:40:00,23.36,63.16,42.0
2024-07-11 08:50:00,23.32,62.86,42.0
2024-07-11 09:00:00,23.29,62.56,42.0
2024-07-11 09:10:00,23.19,62.49,42.0
2024-07-11 09:20:00,23.16,62.3,42.0
2024-07-11 09:30:00,23.13,62.12,42.0
2024-07-11 09:40:00,23.09,62.03,42.0
2024-07-11 09:50:00,23.11,61.98,42.0
2024-07-11 10:00:00,23.13,61.93,42.0
2024-07-11 10:10:00,23.12,62.13,42.0
2024-07-11 10:20:00,23.12,62.1,42.0
2024-07-11 10:30:00,23.12,62.07,42.0
2024-07-11 10:40:00,23.17,62.05,42.0
2024-07-11 10:50:00,23.2,62.2,42.0
2024-07-11 11:00:00,23.22,62.34,42.0
2024-07-11 11:10:00,23.26,62.45,42.0
2024-07-11 11:20:00,23.25,62.37,42.0
2024-07-11 11:30:00,23.24,62.29,42.0
2024-07-11 11:40:00,23.3,62.26,42.0
2024-07-11 11:50:00,23.3,62.35,42.0
2024-07-11 12:00:00,23.31,62.44,42.0
2024-07-11 12:10:00,23.33,62.45,42.0
2024-07-11 12:20:00,23.34,62.39,42.0
2024-07-11 12:30:00,23.36,62.32,42.0
2024-07-11 12:40:00,23.46,62.4,42.0
2024-07-11 12:50:00,23.48,62.33,42.0
2024-07-11 13:00:00,23.51,62.26,42.0
2024-07-11 13:10:00,23.61,61.81,42.0
2024-07-11 13:20:00,23.62,61.86,42.0
2024-07-11 13:30:00,23.62,61.92,42.0
2024-07-11 13:40:00,23.64,62.42,42.0
2024-07-11 13:50:00,23.68,62.58,42.0
2024-07-11 14:00:00,23.71,62.74,42.0
2024-07-11 14:10:00,23.7,62.48,42.0
2024-07-11 14:20:00,23.7,62.52,42.0
2024-07-11 14:30:00,23.71,62.57,42.0
2024-07-11 14:40:00,23.85,63.0,42.0
2024-07-11 14:50:00,23.92,63.14,42.0
2024-07-11 15:00:00,23.98,63.28,42.0
2024-07-11 15:10:00,24.02,63.85,42.0
2024-07-11 15:20:00,24.04,63.8,42.0
2024-07-11 15:30:00,24.05,63.76,42.0
2024-07-11 15:40:00,24.05,63.74,42.0
2024-07-11 15:50:00,24.08,63.86,42.0
2024-07-11 16:00:00,24.12,63.99,42.0
2024-07-11 16:10:00,24.38,63.5,42.0
2024-07-11 16:20:00,24.34,63.77,42.0
2024-07-11 16:30:00,24.3,64.04,42.0
2024-07-11 16:40:00,24.42,64.19,42.0
2024-07-11 16:50:00,24.46,64.2,42.0
2024-07-11 17:00:00,24.5,64.21,42.0
2024-07-11 17:10:00,24.44,64.34,42.0
2024-07-11 17:20:00,24.43,64.34,42.0
2024-07-11 17:30:00,24.42,64.34,42.0
2024-07-11 17:40:00,24.38,64.25,42.0
2024-07-11 17:50:00,24.34,64.15,42.0
2024-07-11 18:00:00,24.29,64.05,42.0
2024-07-11 18:10:00,24.08,63.33,42.0
2024-07-11 18:20:00,24.01,63.72,42.0
2024-07-11 18:30:00,23.94,64.1,42.0
2024-07-11 18:40:00,23.84,63.64,42.0
2024-07-11 18:50:00,23.8,63.7,42.0
2024-07-11 19:00:00,23.75,63.76,42.0
2024-07-11 19:10:00,24.33,63.53,42.0
2024-07-11 19:20:00,24.48,64.38,42.0
2024-07-11 19:30:00,24.62,65.24,42.0
2024-07-11 19:40:00,24.78,65.38,42.0
2024-07-11 19:50:00,24.84,65.5,42.0
2024-07-11 20:00:00,24.9,65.63,42.0
2024-07-11 20:10:00,25.03,65.6,42.0
2024-07-11 20:20:00,25.08,65.84,42.0
2024-07-11 20:30:00,25.13,66.08,42.0
2024-07-11 20:40:00,25.21,66.68,42.0
2024-07-11 20:50:00,25.23,67.26,42.0
2024-07-11 21:00:00,25.25,67.85,42.0
2024-07-11 21:10:00,25.28,68.71,42.0
2024-07-11 21:20:00,25.32,69.32,42.0
2024-07-11 21:30:00,25.35,69.92,42.0
2024-07-11 21:40:00,25.42,70.73,42.0
2024-07-11 21:50:00,25.45,70.89,42.0
2024-07-11 22:00:00,25.48,71.05,42.0
2024-07-11 22:10:00,25.52,71.95,42.0
2024-07-11 22:20:00,25.56,72.26,42.0
2024-07-11 22:30:00,25.59,72.56,42.0
2024-07-11 22:40:00,25.55,73.69,42.0
2024-07-11 22:50:00,25.58,73.69,42.0
2024-07-11 23:00:00,25.62,73.7,42.0
2024-07-11 23:10:00,25.65,74.03,42.0
2024-07-11 23:20:00,25.67,74.34,42.0
2024-07-11 23:30:00,25.7,74.64,42.0
2024-07-11 23:40:00,25.75,74.52,42.0
2024-07-11 23:50:00,25.74,74.8,42.0
2024-07-12 00:00:00,25.72,75.08,42.0
2024-07-12 00:10:00,25.77,75.53,42.0
2024-07-12 00:20:00,25.78,75.5,42.0
2024-07-12 00:30:00,25.79,75.46,42.0
2024-07-12 00:40:00,25.8,75.79,42.0
2024-07-12 00:50:00,25.81,75.89,42.0
2024-07-12 01:00:00,25.82,75.98,42.0
2024-07-12 01:10:00,25.86,76.3,42.0
2024-07-12 01:20:00,25.86,76.46,42.0
2024-07-12 01:30:00,25.86,76.63,42.0
2024-07-12 01:40:00,25.92,76.67,42.0
2024-07-12 01:50:00,25.96,76.76,42.0
2024-07-12 02:00:00,25.99,76.84,42.0
2024-07-12 02:10:00,25.92,77.07,42.0
2024-07-12 02:20:00,25.94,77.15,42.0
2024-07-12 02:30:00,25.97,77.23,42.0
2024-07-12 02:40:00,25.99,77.45,42.0
2024-07-12 02:50:00,25.99,77.34,42.0
2024-07-12 03:00:00,25.99,77.24,42.0
2024-07-12 03:10:00,25.99,77.33,42.0
2024-07-12 03:20:00,25.98,77.25,42.0
2024-07-12 03:30:00,25.97,77.17,42.0
2024-07-12 03:40:00,25.99,77.17,42.0
2024-07-12 03:50:00,25.99,77.13,42.0
2024-07-12 04:00:00,26.0,77.1,42.0
2024-07-12 04:10:00,26.0,77.17,42.0
2024-07-12 04:20:00,26.02,77.21,42.0
2024-07-12 04:30:00,26.03,77.25,42.0
2024-07-12 04:40:00,26.05,77.61,42.0
2024-07-12 04:50:00,26.06,77.73,42.0
2024-07-12 05:00:00,26.07,77.85,42.0
2024-07-12 05:10:00,26.05,77.91,42.0
2024-07-12 05:20:00,26.06,77.97,42.0
2024-07-12 05:30:00,26.08,78.04,42.0
2024-07-12 05:40:00,26.08,78.43,42.0
2024-07-12 05:50:00,26.1,78.47,42.0
2024-07-12 06:00:00,26.13,78.51,42.0
2024-07-12 06:10:00,26.13,78.56,42.0
2024-07-12 06:20:00,26.13,78.12,42.0
2024-07-12 06:30:00,26.13,77.69,42.0
2024-07-12 06:40:00,25.66,74.34,42.0
2024-07-12 06:50:00,25.47,73.53,42.0
2024-07-12 07:00:00,25.28,72.71,42.0
2024-07-12 07:10:00,24.94,71.52,42.0
2024-07-12 07:20:00,24.81,70.69,42.0
2024-07-12 07:30:00,24.68,69.87,42.0
2024-07-12 07:40:00,24.42,68.2,42.0
2024-07-12 07:50:00,24.27,67.41,42.0
2024-07-12 08:00:00,24.12,66.63,42.0
2024-07-12 08:10:00,23.88,64.87,42.0
2024-07-12 08:20:00,23.75,64.39,42.0
2024-07-12 08:30:00,23.62,63.91,42.0
2024-07-12 08:40:00,23.47,63.04,42.0
2024-07-12 08:50:00,23.44,62.86,42.0
2024-07-12 09:00:00,23.41,62.69,42.0
2024-07-12 09:10:00,23.31,62.42,42.0
2024-07-12 09:20:00,23.28,62.36,42.0
2024-07-12 09:30:00,23.26,62.3,42.0
2024-07-12 09:40:00,23.2,61.99,42.0
2024-07-12 09:50:00,23.14,61.94,42.0
2024-07-12 10:00:00,23.09,61.89,42.0
2024-07-12 10:10:00,23.07,61.86,42.0
2024-07-12 10:20:00,23.08,61.81,42.0
2024-07-12 10:30:00,23.09,61.76,42.0
2024-07-12 10:40:00,23.14,61.63,42.0
2024-07-12 10:50:00,23.14,61.67,42.0
2024-07-12 11:00:00,23.14,61.7,42.0
2024-07-12 11:10:00,23.2,61.69,42.0
2024-07-12 11:20:00,23.2,61.58,42.0
2024-07-12 11:30:00,23.2,61.48,42.0
2024-07-12 11:40:00,23.19,62.12,42.0
2024-07-12 11:50:00,23.24,62.5,42.0
2024-07-12 12:00:00,23.29,62.88,42.0
2024-07-12 12:10:00,23.41,63.15,42.0
2024-07-12 12:20:00,23.46,63.1,42.0
2024-07-12 12:30:00,23.51,63.05,42.0
2024-07-12 12:40:00,23.61,64.12,42.0
2024-07-12 12:50:00,23.62,64.31,42.0
2024-07-12 13:00:00,23.64,64.49,42.0
2024-07-12 13:10:00,23.65,63.52,42.0
2024-07-12 13:20:00,23.61,63.7,42.0
2024-07-12 13:30:00,23.57,63.87,42.0
2024-07-12 13:40:00,23.47,63.52,42.0
2024-07-12 13:50:00,23.38,63.56,42.0
2024-07-12 14:00:00,23.29,63.59,42.0
2024-07-12 14:10:00,23.17,64.36,42.0
2024-07-12 14:20:00,23.13,64.47,42.0
2024-07-12 14:30:00,23.09,64.58,42.0
2024-07-12 14:40:00,22.93,65.38,42.0
2024-07-12 14:50:00,22.96,65.13,42.0
2024-07-12 15:00:00,22.98,64.89,42.0
2024-07-12 15:10:00,22.88,65.5,42.0
2024-07-12 15:20:00,22.85,65.7,42.0
2024-07-12 15:30:00,22.82,65.9,42.0
2024-07-12 15:40:00,22.71,65.06,42.0
2024-07-12 15:50:00,22.68,65.02,42.0
2024-07-12 16:00:00,22.65,64.98,42.0
2024-07-12 16:10:00,22.59,64.68,42.0
2024-07-12 16:20:00,22.56,64.78,42.0
2024-07-12 16:30:00,22.52,64.88,42.0
2024-07-12 16:40:00,22.45,64.9,42.0
2024-07-12 16:50:00,22.44,64.95,42.0
2024-07-12 17:00:00,22.43,65.0,42.0
2024-07-12 17:10:00,22.4,65.08,42.0
2024-07-12 17:20:00,22.38,65.06,42.0
2024-07-12 17:30:00,22.35,65.03,42.0
2024-07-12 17:40:00,22.31,65.05,42.0
2024-07-12 17:50:00,22.29,65.18,42.0
2024-07-12 18:00:00,22.27,65.3,42.0
2024-07-12 18:10:00,22.25,65.54,42.0
2024-07-12 18:20:00,22.23,65.69,42.0
2024-07-12 18:30:00,22.21,65.84,42.0
2024-07-12 18:40:00,22.17,65.93,42.0
2024-07-12 18:50:00,22.2,65.66,42.0
2024-07-12 19:00:00,22.24,65.39,42.0
2024-07-12 19:10:00,22.79,63.75,42.0
2024-07-12 19:20:00,22.93,63.37,42.0
2024-07-12 19:30:00,23.07,62.99,42.0
2024-07-12 19:40:00,23.29,62.54,42.0
2024-07-12 19:50:00,23.38,62.32,42.0
2024-07-12 20:00:00,23.46,62.09,42.0
2024-07-12 20:10:00,23.57,64.13,42.0
2024-07-12 20:20:00,23.64,65.04,42.0
2024-07-12 20:30:00,23.72,65.95,42.0
2024-07-12 20:40:00,23.82,68.04,42.0
2024-07-12 20:50:00,23.86,68.22,42.0
2024-07-12 21:00:00,23.91,68.39,42.0
2024-07-12 21:10:00,23.98,68.06,42.0
2024-07-12 21:20:00,24.03,68.4,42.0
2024-07-12 21:30:00,24.08,68.75,42.0
2024-07-12 21:40:00,24.12,69.15,42.0
2024-07-12 21:50:00,24.15,70.03,42.0
2024-07-12 22:00:00,24.18,70.9,42.0
2024-07-12 22:10:00,24.25,72.2,42.0
2024-07-12 22:20:00,24.26,72.78,42.0
2024-07-12 22:30:00,24.28,73.36,42.0
2024-07-12 22:40:00,24.33,74.07,42.0
2024-07-12 22:50:00,24.35,74.33,42.0
2024-07-12 23:00:00,24.38,74.59,42.0
2024-07-12 23:10:00,24.44,75.01,42.0
2024-07-12 23:20:00,24.45,75.3,42.0
2024-07-12 23:30:00,24.46,75.58,42.0
2024-07-12 23:40:00,24.49,75.93,42.0
2024-07-12 23:50:00,24.51,76.26,42.0
2024-07-13 00:00:00,24.53,76.58,42.0
2024-07-13 00:10:00,24.57,77.07,42.0
2024-07-13 00:20:00,24.6,77.51,42.0
2024-07-13 00:30:00,24.63,77.95,42.0
2024-07-13 00:40:00,24.67,78.44,42.0
2024-07-13 00:50:00,24.68,78.45,42.0
2024-07-13 01:00:00,24.68,78.46,42.0
2024-07-13 01:10:00,24.76,79.09,42.0
2024-07-13 01:20:00,24.77,79.25,42.0
2024-07-13 01:30:00,24.78,79.41,42.0
2024-07-13 01:40:00,24.81,79.87,42.0
2024-07-13 01:50:00,24.82,79.9,42.0
2024-07-13 02:00:00,24.84,79.93,42.0
2024-07-13 02:10:00,24.86,80.43,42.0
2024-07-13 02:20:00,24.88,80.28,42.0
2024-07-13 02:30:00,24.91,80.12,42.0
2024-07-13 02:40:00,24.91,80.12,42.0
2024-07-13 02:50:00,24.91,80.21,42.0
2024-07-13 03:00:00,24.91,80.29,42.0
2024-07-13 03:10:00,24.95,80.47,42.0
2024-07-13 03:20:00,24.99,80.53,42.0
2024-07-13 03:30:00,25.04,80.58,42.0
2024-07-13 03:40:00,25.05,80.64,42.0
2024-07-13 03:50:00,25.05,80.76,42.0
2024-07-13 04:00:00,25.05,80.87,42.0
2024-07-13 04:10:00,25.07,80.88,42.0
2024-07-13 04:20:00,25.08,81.0,42.0
2024-07-13 04:30:00,25.08,81.12,42.0
2024-07-13 04:40:00,25.11,81.08,42.0
2024-07-13 04:50:00,25.12,81.27,42.0
2024-07-13 05:00:00,25.14,81.46,42.0
2024-07-13 05:10:00,25.15,81.54,42.0
2024-07-13 05:20:00,25.18,81.66,42.0
2024-07-13 05:30:00,25.21,81.77,42.0
2024-07-13 05:40:00,25.21,81.91,42.0
2024-07-13 05:50:00,25.22,81.9,42.0
2024-07-13 06:00:00,25.22,81.89,42.0
2024-07-13 06:10:00,25.25,81.95,42.0
2024-07-13 06:20:00,25.25,81.98,42.0
2024-07-13 06:30:00,25.25,82.02,42.0
2024-07-13 06:40:00,25.26,82.05,42.0
2024-07-13 06:50:00,25.27,82.25,42.0
2024-07-13 07:00:00,25.28,82.45,42.0
2024-07-13 07:10:00,25.29,82.2,42.0
2024-07-13 07:20:00,25.32,82.2,42.0
2024-07-13 07:30:00,25.34,82.2,42.0
2024-07-13 07:40:00,25.34,82.29,42.0
2024-07-13 07:50:00,25.35,82.38,42.0
2024-07-13 08:00:00,25.36,82.46,42.0
2024-07-13 08:10:00,25.36,82.74,42.0
2024-07-13 08:20:00,25.38,82.78,42.0
2024-07-13 08:30:00,25.39,82.83,42.0
2024-07-13 08:40:00,25.41,83.21,42.0
2024-07-13 08:50:00,25.45,83.26,42.0
2024-07-13 09:00:00,25.49,83.3,42.0
2024-07-13 09:10:00,25.52,83.35,42.0
2024-07-13 09:20:00,25.55,83.1,42.0
2024-07-13 09:30:00,25.58,82.86,42.0
2024-07-13 09:40:00,25.72,82.58,42.0
2024-07-13 09:50:00,25.74,82.49,42.0
2024-07-13 10:00:00,25.76,82.4,42.0
2024-07-13 10:10:00,25.84,82.26,42.0
2024-07-13 10:20:00,25.9,82.05,42.0
2024-07-13 10:30:00,25.97,81.84,42.0
2024-07-13 10:40:00,26.07,81.27,42.0
2024-07-13 10:50:00,26.14,81.06,42.0
2024-07-13 11:00:00,26.21,80.85,42.0
2024-07-13 11:10:00,26.3,80.65,42.0
2024-07-13 11:20:00,26.34,80.43,42.0
2024-07-13 11:30:00,26.37,80.21,42.0
2024-07-13 11:40:00,26.45,80.03,42.0
2024-07-13 11:50:00,26.48,79.84,42.0
2024-07-13 12:00:00,26.52,79.66,42.0
2024-07-13 12:10:00,26.55,79.03,42.0
2024-07-13 12:20:00,26.6,79.02,42.0
2024-07-13 12:30:00,26.65,79.0,42.0
2024-07-13 12:40:00,26.69,78.44,42.0
2024-07-13 12:50:00,26.74,78.14,42.0
2024-07-13 13:00:00,26.78,77.85,42.0
2024-07-13 13:10:00,26.93,77.53,42.0
2024-07-13 13:20:00,27.01,77.25,42.0
2024-07-13 13:30:00,27.09,76.97,42.0
2024-07-13 13:40:00,27.13,76.7,42.0
2024-07-13 13:50:00,27.17,76.44,42.0
2024-07-13 14:00:00,27.25,76.11,42.0
2024-07-13 14:10:00,27.26,75.81,42.0
2024-07-13 14:20:00,27.27,75.51,42.0
2024-07-13 14:30:00,27.39,75.23,42.0
2024-07-13 14:40:00,27.41,75.06,42.0
2024-07-13 14:50:00,27.43,74.9,42.0
2024-07-13 15:00:00,27.46,74.9,42.0
2024-07-13 15:10:00,27.46,74.72,42.0
2024-07-13 15:20:00,27.47,74.53,42.0
2024-07-13 15:30:00,27.61,74.56,42.0
2024-07-13 15:40:00,27.64,74.5,42.0
2024-07-13 15:50:00,27.68,74.45,42.0
2024-07-13 16:00:00,27.72,74.42,42.0
2024-07-13 16:10:00,27.8,74.3,42.0
2024-07-13 16:20:00,27.87,74.17,42.0
2024-07-13 16:30:00,27.91,73.73,42.0
2024-07-13 16:40:00,27.95,73.44,42.0
2024-07-13 16:50:00,27.99,73.15,42.0
2024-07-13 17:00:00,28.06,72.7,42.0
2024-07-13 17:10:00,28.09,72.54,42.0
2024-07-13 17:20:00,28.12,72.37,42.0
2024-07-13 17:30:00,28.13,72.12,42.0
2024-07-13 17:40:00,28.16,72.05,42.0
2024-07-13 17:50:00,28.18,71.98,42.0
2024-07-13 18:00:00,28.2,71.84,42.0
2024-07-13 18:10:00,28.18,72.01,42.0
2024-07-13 18:20:00,28.16,72.18,42.0
2024-07-13 18:30:00,28.09,72.64,42.0
2024-07-13 18:40:00,28.11,72.88,42.0
2024-07-13 18:50:00,28.13,73.13,42.0
2024-07-13 19:00:00,28.06,73.6,42.0
2024-07-13 19:10:00,28.05,73.72,42.0
2024-07-13 19:20:00,28.04,73.83,42.0
2024-07-13 19:30:00,27.95,74.04,42.0
2024-07-13 19:40:00,27.91,74.09,42.0
2024-07-13 19:50:00,27.87,74.13,42.0
2024-07-13 20:00:00,27.87,74.16,42.0
2024-07-13 20:10:00,27.85,74.22,42.0
2024-07-13 20:20:00,27.83,74.27,42.0
2024-07-13 20:30:00,27.77,74.29,42.0
2024-07-13 20:40:00,27.76,74.38,42.0
2024-07-13 20:50:00,27.75,74.46,42.0
2024-07-13 21:00:00,27.65,74.76,42.0
2024-07-13 21:10:00,27.64,74.69,42.0
2024-07-13 21:20:00,27.62,74.63,42.0
2024-07-13 21:30:00,27.61,74.67,42.0
2024-07-13 21:40:00,27.6,74.65,42.0
2024-07-13 21:50:00,27.58,74.63,42.0
2024-07-13 22:00:00,27.57,74.71,42.0
2024-07-13 22:10:00,27.56,74.7,42.0
2024-07-13 22:20:00,27.54,74.69,42.0
2024-07-13 22:30:00,27.51,74.82,42.0
2024-07-13 22:40:00,27.48,74.86,42.0
2024-07-13 22:50:00,27.46,74.9,42.0
2024-07-13 23:00:00,27.47,74.87,42.0
2024-07-13 23:10:00,27.46,74.95,42.0
2024-07-13 23:20:00,27.46,75.03,42.0
2024-07-13 23:30:00,27.43,75.25,42.0
2024-07-13 23:40:00,27.43,75.2,42.0
2024-07-13 23:50:00,27.43,75.16,42.0
2024-07-14 00:00:00,27.37,75.63,42.0
2024-07-14 00:10:00,27.38,75.72,42.0
2024-07-14 00:20:00,27.39,75.81,42.0
2024-07-14 00:30:00,27.39,75.51,42.0
2024-07-14 00:40:00,27.36,75.6,42.0
2024-07-14 00:50:00,27.34,75.69,42.0
2024-07-14 01:00:00,27.34,75.78,42.0
2024-07-14 01:10:00,27.32,75.96,42.0
2024-07-14 01:20:00,27.29,76.14,42.0
2024-07-14 01:30:00,27.29,76.35,42.0
2024-07-14 01:40:00,27.28,76.49,42.0
2024-07-14 01:50:00,27.27,76.63,42.0
2024-07-14 02:00:00,27.29,76.79,42.0
2024-07-14 02:10:00,27.29,76.76,42.0
2024-07-14 02:20:00,27.29,76.72,42.0
2024-07-14 02:30:00,27.25,76.58,42.0
2024-07-14 02:40:00,27.25,76.68,42.0
2024-07-14 02:50:00,27.25,76.79,42.0
2024-07-14 03:00:00,27.26,76.79,42.0
2024-07-14 03:10:00,27.26,76.8,42.0
2024-07-14 03:20:00,27.25,76.81,42.0
2024-07-14 03:30:00,27.2,76.96,42.0
2024-07-14 03:40:00,27.22,76.98,42.0
2024-07-14 03:50:00,27.23,77.01,42.0
2024-07-14 04:00:00,27.23,77.3,42.0
2024-07-14 04:10:00,27.24,77.2,42.0
2024-07-14 04:20:00,27.26,77.11,42.0
2024-07-14 04:30:00,27.19,77.58,42.0
2024-07-14 04:40:00,27.19,77.74,42.0
2024-07-14 04:50:00,27.19,77.91,42.0
2024-07-14 05:00:00,27.22,78.1,42.0
2024-07-14 05:10:00,27.2,78.11,42.0
2024-07-14 05:20:00,27.19,78.12,42.0
2024-07-14 05:30:00,27.2,78.14,42.0
2024-07-14 05:40:00,27.2,78.19,42.0
2024-07-14 05:50:00,27.19,78.24,42.0
2024-07-14 06:00:00,27.17,78.1,42.0
2024-07-14 06:10:00,27.18,78.09,42.0
2024-07-14 06:20:00,27.2,78.08,42.0
2024-07-14 06:30:00,27.17,78.27,42.0
2024-07-14 06:40:00,27.16,78.34,42.0
2024-07-14 06:50:00,27.14,78.42,42.0
2024-07-14 07:00:00,27.2,78.3,42.0
2024-07-14 07:10:00,27.18,78.49,42.0
2024-07-14 07:20:00,27.17,78.68,42.0
2024-07-14 07:30:00,27.17,78.71,42.0
2024-07-14 07:40:00,27.17,78.76,42.0
2024-07-14 07:50:00,27.17,78.81,42.0
2024-07-14 08:00:00,27.22,78.51,42.0
2024-07-14 08:10:00,27.2,78.48,42.0
2024-07-14 08:20:00,27.19,78.45,42.0
2024-07-14 08:30:00,27.17,78.52,42.0
2024-07-14 08:40:00,27.2,78.74,42.0
2024-07-14 08:50:00,27.23,78.95,42.0
2024-07-14 09:00:00,27.29,79.19,42.0
2024-07-14 09:10:00,27.31,79.27,42.0
2024-07-14 09:20:00,27.33,79.35,42.0
2024-07-14 09:30:00,27.34,79.35,42.0
2024-07-14 09:40:00,27.36,79.1,42.0
2024-07-14 09:50:00,27.39,78.86,42.0
2024-07-14 10:00:00,27.4,78.37,42.0
2024-07-14 10:10:00,27.42,78.44,42.0
2024-07-14 10:20:00,27.44,78.5,42.0
2024-07-14 10:30:00,27.43,77.94,42.0
2024-07-14 10:40:00,27.46,77.81,42.0
2024-07-14 10:50:00,27.48,77.68,42.0
2024-07-14 11:00:00,27.56,77.66,42.0
2024-07-14 11:10:00,27.58,77.44,42.0
2024-07-14 11:20:00,27.61,77.23,42.0
2024-07-14 11:30:00,27.68,76.94,42.0
2024-07-14 11:40:00,27.71,76.97,42.0
2024-07-14 11:50:00,27.74,77.0,42.0
2024-07-14 12:00:00,27.78,76.46,42.0
2024-07-14 12:10:00,27.83,76.31,42.0
2024-07-14 12:20:00,27.87,76.15,42.0
2024-07-14 12:30:00,27.91,75.57,42.0
2024-07-14 12:40:00,27.95,75.12,42.0
2024-07-14 12:50:00,27.99,74.67,42.0
2024-07-14 13:00:00,28.08,73.74,42.0
2024-07-14 13:10:00,28.1,73.4,42.0
2024-07-14 13:20:00,28.11,73.05,42.0
2024-07-14 13:30:00,28.09,72.65,42.0
2024-07-14 13:40:00,28.1,72.55,42.0
2024-07-14 13:50:00,28.12,72.45,42.0
2024-07-14 14:00:00,28.13,71.94,42.0
2024-07-14 14:10:00,28.16,71.7,42.0
2024-07-14 14:20:00,28.19,71.47,42.0
2024-07-14 14:30:00,28.22,71.2,42.0
2024-07-14 14:40:00,28.24,71.12,42.0
2024-07-14 14:50:00,28.26,71.05,42.0
2024-07-14 15:00:00,28.23,70.72,42.0
2024-07-14 15:10:00,28.24,70.66,42.0
2024-07-14 15:20:00,28.25,70.61,42.0
2024-07-14 15:30:00,28.26,70.72,42.0
2024-07-14 15:40:00,28.28,70.77,42.0
2024-07-14 15:50:00,28.29,70.82,42.0
2024-07-14 16:00:00,28.3,71.01,42.0
2024-07-14 16:10:00,28.33,70.94,42.0
2024-07-14 16:20:00,28.35,70.88,42.0
2024-07-14 16:30:00,28.38,70.89,42.0
2024-07-14 16:40:00,28.44,70.88,42.0
2024-07-14 16:50:00,28.49,70.86,42.0
2024-07-14 17:00:00,28.56,70.88,42.0
2024-07-14 17:10:00,28.56,71.18,42.0
2024-07-14 17:20:00,28.55,71.47,42.0
2024-07-14 17:30:00,28.49,72.12,42.0
2024-07-14 17:40:00,28.49,72.1,42.0
2024-07-14 17:50:00,28.49,72.09,42.0
2024-07-14 18:00:00,28.46,72.25,42.0
2024-07-14 18:10:00,28.44,72.22,42.0
2024-07-14 18:20:00,28.43,72.19,42.0
2024-07-14 18:30:00,28.4,72.34,42.0
2024-07-14 18:40:00,28.4,72.28,42.0
2024-07-14 18:50:00,28.39,72.23,42.0
2024-07-14 19:00:00,28.39,72.15,42.0
2024-07-14 19:10:00,28.33,72.08,42.0
2024-07-14 19:20:00,28.27,72.01,42.0
2024-07-14 19:30:00,28.3,71.55,42.0
2024-07-14 19:40:00,28.28,71.51,42.0
2024-07-14 19:50:00,28.27,71.47,42.0
2024-07-14 20:00:00,28.23,71.48,42.0
2024-07-14 20:10:00,28.22,71.51,42.0
2024-07-14 20:20:00,28.22,71.54,42.0
2024-07-14 20:30:00,28.13,71.84,42.0
2024-07-14 20:40:00,28.16,71.88,42.0
2024-07-14 20:50:00,28.19,71.92,42.0
2024-07-14 21:00:00,28.15,72.18,42.0
2024-07-14 21:10:00,28.13,72.27,42.0
2024-07-14 21:20:00,28.11,72.36,42.0
2024-07-14 21:30:00,28.08,72.47,42.0
2024-07-14 21:40:00,28.1,72.56,42.0
2024-07-14 21:50:00,28.12,72.66,42.0
2024-07-14 22:00:00,28.05,72.83,42.0
2024-07-14 22:10:00,28.05,72.96,42.0
2024-07-14 22:20:00,28.05,73.1,42.0
2024-07-14 22:30:00,28.04,73.43,42.0
2024-07-14 22:40:00,28.03,73.61,42.0
2024-07-14 22:50:00,28.02,73.79,42.0
2024-07-14 23:00:00,27.99,73.99,42.0
2024-07-14 23:10:00,28.0,74.14,42.0
2024-07-14 23:20:00,28.01,74.3,42.0
2024-07-14 23:30:00,27.97,74.56,42.0
2024-07-14 23:40:00,27.94,74.54,42.0
2024-07-14 23:50:00,27.92,74.51,42.0
2024-07-15 00:00:00,27.92,74.64,42.0
2024-07-15 00:10:00,27.94,74.7,42.0
2024-07-15 00:20:00,27.95,74.77,42.0
2024-07-15 00:30:00,27.92,74.89,42.0
2024-07-15 00:40:00,27.92,74.87,42.0
2024-07-15 00:50:00,27.92,74.85,42.0
2024-07-15 01:00:00,27.88,75.1,42.0
2024-07-15 01:10:00,27.88,75.12,42.0
2024-07-15 01:20:00,27.88,75.14,42.0
2024-07-15 01:30:00,27.87,75.23,42.0
2024-07-15 01:40:00,27.86,75.28,42.0
2024-07-15 01:50:00,27.84,75.33,42.0
2024-07-15 02:00:00,27.84,75.63,42.0
2024-07-15 02:10:00,27.84,75.46,42.0
2024-07-15 02:20:00,27.85,75.28,42.0
2024-07-15 02:30:00,27.84,75.1,42.0
2024-07-15 02:40:00,27.84,75.03,42.0
2024-07-15 02:50:00,27.83,74.96,42.0
2024-07-15 03:00:00,27.8,74.81,42.0
2024-07-15 03:10:00,27.8,74.73,42.0
2024-07-15 03:20:00,27.81,74.65,42.0
2024-07-15 03:30:00,27.8,74.52,42.0
2024-07-15 03:40:00,27.79,74.5,42.0
2024-07-15 03:50:00,27.78,74.48,42.0
2024-07-15 04:00:00,27.78,74.54,42.0
2024-07-15 04:10:00,27.78,74.47,42.0
2024-07-15 04:20:00,27.78,74.41,42.0
2024-07-15 04:30:00,27.77,74.47,42.0
2024-07-15 04:40:00,27.77,74.54,42.0
2024-07-15 04:50:00,27.77,74.6,42.0
2024-07-15 05:00:00,27.78,74.72,42.0
2024-07-15 05:10:00,27.78,74.8,42.0
2024-07-15 05:20:00,27.78,74.88,42.0
2024-07-15 05:30:00,27.78,75.01,42.0
2024-07-15 05:40:00,27.76,75.14,42.0
2024-07-15 05:50:00,27.75,75.27,42.0
2024-07-15 06:00:00,27.75,75.46,42.0
2024-07-15 06:10:00,27.76,75.56,42.0
2024-07-15 06:20:00,27.77,75.65,42.0
2024-07-15 06:30:00,27.68,74.91,42.0
2024-07-15 06:40:00,27.4,74.14,42.0
2024-07-15 06:50:00,27.12,73.38,42.0
2024-07-15 07:00:00,26.68,71.85,42.0
2024-07-15 07:10:00,26.49,70.62,42.0
2024-07-15 07:20:00,26.3,69.4,42.0
2024-07-15 07:30:00,25.92,67.12,42.0
2024-07-15 07:40:00,25.74,65.93,42.0
2024-07-15 07:50:00,25.56,64.74,42.0
2024-07-15 08:00:00,25.24,63.09,42.0
2024-07-15 08:10:00,25.11,62.51,42.0
2024-07-15 08:20:00,24.98,61.93,42.0
2024-07-15 08:30:00,24.73,61.28,42.0
2024-07-15 08:40:00,24.66,61.12,42.0
2024-07-15 08:50:00,24.6,60.95,42.0
2024-07-15 09:00:00,24.5,60.84,42.0
2024-07-15 09:10:00,24.46,60.87,42.0
2024-07-15 09:20:00,24.43,60.9,42.0
2024-07-15 09:30:00,24.33,60.82,42.0
2024-07-15 09:40:00,24.31,60.7,42.0
2024-07-15 09:50:00,24.29,60.59,42.0
2024-07-15 10:00:00,24.28,60.89,42.0
2024-07-15 10:10:00,24.27,60.89,42.0
2024-07-15 10:20:00,24.26,60.88,42.0
2024-07-15 10:30:00,24.3,61.45,42.0
2024-07-15 10:40:00,24.34,61.64,42.0
2024-07-15 10:50:00,24.38,61.83,42.0
2024-07-15 11:00:00,24.56,61.03,42.0
2024-07-15 11:10:00,24.54,61.63,42.0
2024-07-15 11:20:00,24.52,62.23,42.0
2024-07-15 11:30:00,24.77,63.85,42.0
2024-07-15 11:40:00,24.82,64.1,42.0
2024-07-15 11:50:00,24.86,64.35,42.0
2024-07-15 12:00:00,25.03,64.63,42.0
2024-07-15 12:10:00,25.06,64.76,42.0
2024-07-15 12:20:00,25.1,64.9,42.0
2024-07-15 12:30:00,25.17,64.79,42.0
2024-07-15 12:40:00,25.15,64.46,42.0
2024-07-15 12:50:00,25.13,64.13,42.0
2024-07-15 13:00:00,25.07,64.8,42.0
2024-07-15 13:10:00,25.1,64.88,42.0
2024-07-15 13:20:00,25.14,64.95,42.0
2024-07-15 13:30:00,25.13,65.1,42.0
2024-07-15 13:40:00,25.2,65.0,42.0
2024-07-15 13:50:00,25.26,64.91,42.0
2024-07-15 14:00:00,25.68,63.94,42.0
2024-07-15 14:10:00,25.72,64.28,42.0
2024-07-15 14:20:00,25.77,64.61,42.0
