id,clientID,topic,message,timestamp,Room_Temperature,Humidity,Air_Quality
232,t2g3:105,t2g3,24.29;66.27;42,2024-07-01 16:49:59,24.29,66.27,42
233,t2g3:105,t2g3,24.20;65.40;42,2024-07-01 17:05:01,24.20,65.40,42
234,t2g3:105,t2g3,23.99;65.43;42,2024-07-01 17:20:02,23.99,65.43,42
235,t2g3:105,t2g3,23.84;65.85;42,2024-07-01 17:35:03,23.84,65.85,42
236,t2g3:105,t2g3,23.81;65.28;42,2024-07-01 17:50:04,23.81,65.28,42
237,t2g3:105,t2g3,23.67;65.63;42,2024-07-01 18:05:05,23.67,65.63,42
238,t2g3:105,t2g3,23.54;64.97;42,2024-07-01 18:20:06,23.54,64.97,42
239,t2g3:105,t2g3,23.39;65.51;42,2024-07-01 18:35:07,23.39,65.51,42
240,t2g3:105,t2g3,23.29;64.57;42,2024-07-01 18:50:08,23.29,64.57,42
241,t2g3:105,t2g3,23.44;64.84;42,2024-07-01 19:05:09,23.44,64.84,42
242,t2g3:105,t2g3,23.95;64.90;42,2024-07-01 19:20:11,23.95,64.90,42
243,t2g3:105,t2g3,24.29;66.00;42,2024-07-01 19:35:12,24.29,66.00,42
244,t2g3:105,t2g3,24.46;66.88;42,2024-07-01 19:50:13,24.46,66.88,42
245,t2g3:105,t2g3,24.59;66.58;42,2024-07-01 20:05:14,24.59,66.58,42
246,t2g3:105,t2g3,24.70;67.79;42,2024-07-01 20:20:15,24.70,67.79,42
247,t2g3:105,t2g3,24.77;68.74;42,2024-07-01 20:35:16,24.77,68.74,42
248,t2g3:105,t2g3,24.87;69.57;42,2024-07-01 20:50:17,24.87,69.57,42
249,t2g3:105,t2g3,24.94;69.93;42,2024-07-01 21:05:18,24.94,69.93,42
250,t2g3:105,t2g3,25.01;70.55;42,2024-07-01 21:20:19,25.01,70.55,42
251,t2g3:105,t2g3,25.08;70.99;42,2024-07-01 21:35:20,25.08,70.99,42
252,t2g3:105,t2g3,25.10;71.49;42,2024-07-01 21:50:21,25.10,71.49,42
253,t2g3:105,t2g3,25.18;71.99;42,2024-07-01 22:05:22,25.18,71.99,42
254,t2g3:105,t2g3,25.21;72.59;42,2024-07-01 22:20:23,25.21,72.59,42
255,t2g3:105,t2g3,25.29;73.02;42,2024-07-01 22:35:24,25.29,73.02,42
256,t2g3:105,t2g3,25.28;73.66;42,2024-07-01 22:50:25,25.28,73.66,42
257,t2g3:105,t2g3,25.34;73.90;42,2024-07-01 23:05:26,25.34,73.90,42
258,t2g3:105,t2g3,25.35;74.49;42,2024-07-01 23:20:27,25.35,74.49,42
259,t2g3:105,t2g3,25.42;74.56;42,2024-07-01 23:35:28,25.42,74.56,42
260,t2g3:105,t2g3,25.42;74.81;42,2024-07-01 23:50:29,25.42,74.81,42
261,t2g3:105,t2g3,25.46;75.41;42,2024-07-02 00:05:30,25.46,75.41,42
262,t2g3:105,t2g3,25.52;75.56;42,2024-07-02 00:20:31,25.52,75.56,42
263,t2g3:105,t2g3,25.52;76.23;42,2024-07-02 00:35:32,25.52,76.23,42
264,t2g3:105,t2g3,25.55;76.42;42,2024-07-02 00:50:33,25.55,76.42,42
265,t2g3:105,t2g3,25.59;76.88;42,2024-07-02 01:05:34,25.59,76.88,42
266,t2g3:105,t2g3,25.61;77.61;42,2024-07-02 01:20:35,25.61,77.61,42
267,t2g3:105,t2g3,25.62;77.98;42,2024-07-02 01:35:36,25.62,77.98,42
268,t2g3:105,t2g3,25.65;78.64;42,2024-07-02 01:50:37,25.65,78.64,42
269,t2g3:105,t2g3,25.68;78.85;42,2024-07-02 02:05:38,25.68,78.85,42
270,t2g3:105,t2g3,25.70;79.15;42,2024-07-02 02:20:39,25.70,79.15,42
271,t2g3:105,t2g3,25.70;79.19;42,2024-07-02 02:35:39,25.70,79.19,42
272,t2g3:105,t2g3,25.75;79.51;42,2024-07-02 02:50:40,25.75,79.51,42
273,t2g3:105,t2g3,25.76;79.67;42,2024-07-02 03:05:41,25.76,79.67,42
274,t2g3:105,t2g3,25.79;79.66;42,2024-07-02 03:20:42,25.79,79.66,42
275,t2g3:105,t2g3,25.79;80.07;42,2024-07-02 03:35:43,25.79,80.07,42
276,t2g3:105,t2g3,25.80;80.35;42,2024-07-02 03:50:44,25.80,80.35,42
277,t2g3:105,t2g3,25.83;80.22;42,2024-07-02 04:05:45,25.83,80.22,42
278,t2g3:105,t2g3,25.86;80.46;42,2024-07-02 04:20:46,25.86,80.46,42
279,t2g3:105,t2g3,25.86;80.43;42,2024-07-02 04:35:47,25.86,80.43,42
280,t2g3:105,t2g3,25.89;80.64;42,2024-07-02 04:50:48,25.89,80.64,42
281,t2g3:105,t2g3,25.93;80.79;42,2024-07-02 05:05:49,25.93,80.79,42
282,t2g3:105,t2g3,25.90;81.20;42,2024-07-02 05:20:50,25.90,81.20,42
283,t2g3:105,t2g3,25.94;81.30;42,2024-07-02 05:35:51,25.94,81.30,42
284,t2g3:105,t2g3,25.97;81.31;42,2024-07-02 05:50:52,25.97,81.31,42
285,t2g3:105,t2g3,25.97;81.61;42,2024-07-02 06:05:52,25.97,81.61,42
286,t2g3:105,t2g3,26.03;81.16;42,2024-07-02 06:20:53,26.03,81.16,42
287,t2g3:105,t2g3,25.94;79.08;42,2024-07-02 06:35:54,25.94,79.08,42
288,t2g3:105,t2g3,25.35;76.26;42,2024-07-02 06:50:55,25.35,76.26,42
289,t2g3:105,t2g3,24.95;74.23;42,2024-07-02 07:05:56,24.95,74.23,42
290,t2g3:105,t2g3,24.66;72.75;42,2024-07-02 07:20:57,24.66,72.75,42
291,t2g3:105,t2g3,24.35;70.97;42,2024-07-02 07:35:58,24.35,70.97,42
292,t2g3:105,t2g3,24.08;68.55;42,2024-07-02 07:50:58,24.08,68.55,42
293,t2g3:105,t2g3,23.72;66.62;42,2024-07-02 08:05:59,23.72,66.62,42
294,t2g3:105,t2g3,23.46;65.17;42,2024-07-02 08:21:00,23.46,65.17,42
295,t2g3:105,t2g3,23.19;64.22;42,2024-07-02 08:36:01,23.19,64.22,42
296,t2g3:105,t2g3,23.03;63.58;42,2024-07-02 08:51:02,23.03,63.58,42
297,t2g3:105,t2g3,22.89;62.99;42,2024-07-02 09:06:03,22.89,62.99,42
298,t2g3:105,t2g3,22.72;63.21;42,2024-07-02 09:21:03,22.72,63.21,42
299,t2g3:105,t2g3,22.66;63.02;42,2024-07-02 09:36:04,22.66,63.02,42
300,t2g3:105,t2g3,22.61;63.36;42,2024-07-02 09:51:05,22.61,63.36,42
301,t2g3:105,t2g3,22.62;63.22;42,2024-07-02 10:06:06,22.62,63.22,42
302,t2g3:105,t2g3,22.54;63.33;42,2024-07-02 10:21:07,22.54,63.33,42
303,t2g3:105,t2g3,22.54;63.36;42,2024-07-02 10:36:08,22.54,63.36,42
304,t2g3:105,t2g3,22.45;63.46;42,2024-07-02 10:51:09,22.45,63.46,42
305,t2g3:105,t2g3,22.47;63.44;42,2024-07-02 11:06:10,22.47,63.44,42
306,t2g3:105,t2g3,22.47;63.55;42,2024-07-02 11:21:11,22.47,63.55,42
307,t2g3:105,t2g3,22.48;63.60;42,2024-07-02 11:36:12,22.48,63.60,42
308,t2g3:105,t2g3,22.51;63.38;42,2024-07-02 11:51:13,22.51,63.38,42
309,t2g3:105,t2g3,22.52;63.24;42,2024-07-02 12:06:14,22.52,63.24,42
310,t2g3:105,t2g3,22.54;63.48;42,2024-07-02 12:21:15,22.54,63.48,42
311,t2g3:105,t2g3,22.56;63.57;42,2024-07-02 12:36:16,22.56,63.57,42
312,t2g3:105,t2g3,22.62;64.02;42,2024-07-02 12:51:16,22.62,64.02,42
313,t2g3:105,t2g3,22.59;63.77;42,2024-07-02 13:06:17,22.59,63.77,42
314,t2g3:105,t2g3,22.75;65.33;42,2024-07-02 13:21:18,22.75,65.33,42
315,t2g3:105,t2g3,22.79;65.15;42,2024-07-02 13:36:19,22.79,65.15,42
316,t2g3:105,t2g3,22.82;64.64;42,2024-07-02 13:51:20,22.82,64.64,42
317,t2g3:105,t2g3,22.92;64.79;42,2024-07-02 14:06:21,22.92,64.79,42
318,t2g3:105,t2g3,23.09;64.53;42,2024-07-02 14:21:22,23.09,64.53,42
319,t2g3:105,t2g3,23.31;65.38;42,2024-07-02 14:36:23,23.31,65.38,42
320,t2g3:105,t2g3,23.44;65.19;42,2024-07-02 14:51:24,23.44,65.19,42
321,t2g3:105,t2g3,23.61;64.98;42,2024-07-02 15:06:25,23.61,64.98,42
322,t2g3:105,t2g3,23.74;65.68;42,2024-07-02 15:21:25,23.74,65.68,42
323,t2g3:105,t2g3,23.94;65.67;42,2024-07-02 15:36:26,23.94,65.67,42
324,t2g3:105,t2g3,24.11;65.29;42,2024-07-02 15:51:27,24.11,65.29,42
325,t2g3:105,t2g3,24.20;65.62;42,2024-07-02 16:06:28,24.20,65.62,42
326,t2g3:105,t2g3,24.09;65.71;42,2024-07-02 16:21:29,24.09,65.71,42
327,t2g3:105,t2g3,24.08;65.61;42,2024-07-02 16:36:30,24.08,65.61,42
328,t2g3:105,t2g3,24.12;64.98;42,2024-07-02 16:51:31,24.12,64.98,42
329,t2g3:105,t2g3,24.15;65.12;42,2024-07-02 17:06:32,24.15,65.12,42
330,t2g3:105,t2g3,24.25;65.08;42,2024-07-02 17:21:33,24.25,65.08,42
331,t2g3:105,t2g3,24.15;65.47;42,2024-07-02 17:36:33,24.15,65.47,42
332,t2g3:105,t2g3,23.98;65.58;42,2024-07-02 17:51:34,23.98,65.58,42
333,t2g3:105,t2g3,23.91;65.56;42,2024-07-02 18:06:35,23.91,65.56,42
334,t2g3:105,t2g3,23.77;64.28;42,2024-07-02 18:21:36,23.77,64.28,42
335,t2g3:105,t2g3,23.65;65.14;42,2024-07-02 18:36:37,23.65,65.14,42
336,t2g3:105,t2g3,23.53;65.39;42,2024-07-02 18:51:38,23.53,65.39,42
337,t2g3:105,t2g3,23.70;64.28;42,2024-07-02 19:06:38,23.70,64.28,42
338,t2g3:105,t2g3,24.12;62.90;42,2024-07-02 19:21:39,24.12,62.90,42
339,t2g3:105,t2g3,24.33;62.21;42,2024-07-02 19:36:40,24.33,62.21,42
340,t2g3:105,t2g3,24.50;61.69;42,2024-07-02 19:51:41,24.50,61.69,42
341,t2g3:105,t2g3,24.60;61.28;42,2024-07-02 20:06:42,24.60,61.28,42
342,t2g3:105,t2g3,24.71;61.47;42,2024-07-02 20:21:43,24.71,61.47,42
343,t2g3:105,t2g3,24.77;64.03;42,2024-07-02 20:36:44,24.77,64.03,42
344,t2g3:105,t2g3,24.83;64.84;42,2024-07-02 20:51:44,24.83,64.84,42
345,t2g3:105,t2g3,24.94;65.83;42,2024-07-02 21:06:45,24.94,65.83,42
346,t2g3:105,t2g3,24.97;67.32;42,2024-07-02 21:21:46,24.97,67.32,42
347,t2g3:105,t2g3,25.04;68.36;42,2024-07-02 21:36:47,25.04,68.36,42
348,t2g3:105,t2g3,25.10;69.00;42,2024-07-02 21:51:48,25.10,69.00,42
349,t2g3:105,t2g3,25.15;70.17;42,2024-07-02 22:06:49,25.15,70.17,42
350,t2g3:105,t2g3,25.21;71.11;42,2024-07-02 22:21:49,25.21,71.11,42
351,t2g3:105,t2g3,25.24;72.02;42,2024-07-02 22:36:50,25.24,72.02,42
352,t2g3:105,t2g3,25.25;72.13;42,2024-07-02 22:51:51,25.25,72.13,42
353,t2g3:105,t2g3,25.32;72.52;42,2024-07-02 23:06:52,25.32,72.52,42
354,t2g3:105,t2g3,25.35;72.86;42,2024-07-02 23:21:53,25.35,72.86,42
355,t2g3:105,t2g3,25.38;73.10;42,2024-07-02 23:36:54,25.38,73.10,42
356,t2g3:105,t2g3,25.41;73.23;42,2024-07-02 23:51:54,25.41,73.23,42
357,t2g3:105,t2g3,25.41;73.29;42,2024-07-03 00:06:55,25.41,73.29,42
358,t2g3:105,t2g3,25.44;73.33;42,2024-07-03 00:21:56,25.44,73.33,42
359,t2g3:105,t2g3,25.48;73.73;42,2024-07-03 00:36:57,25.48,73.73,42
360,t2g3:105,t2g3,25.48;74.11;42,2024-07-03 00:51:57,25.48,74.11,42
361,t2g3:105,t2g3,25.50;74.36;42,2024-07-03 01:06:58,25.50,74.36,42
362,t2g3:105,t2g3,25.50;74.94;42,2024-07-03 01:21:59,25.50,74.94,42
363,t2g3:105,t2g3,25.58;75.78;42,2024-07-03 01:37:00,25.58,75.78,42
364,t2g3:105,t2g3,25.58;76.53;42,2024-07-03 01:52:01,25.58,76.53,42
365,t2g3:105,t2g3,25.62;77.37;42,2024-07-03 02:07:02,25.62,77.37,42
366,t2g3:105,t2g3,25.61;77.29;42,2024-07-03 02:22:02,25.61,77.29,42
367,t2g3:105,t2g3,25.66;77.18;42,2024-07-03 02:37:03,25.66,77.18,42
368,t2g3:105,t2g3,25.65;77.45;42,2024-07-03 02:52:04,25.65,77.45,42
369,t2g3:105,t2g3,25.68;77.75;42,2024-07-03 03:07:05,25.68,77.75,42
370,t2g3:105,t2g3,25.69;78.14;42,2024-07-03 03:22:05,25.69,78.14,42
371,t2g3:105,t2g3,25.72;77.89;42,2024-07-03 03:37:06,25.72,77.89,42
372,t2g3:105,t2g3,25.73;77.94;42,2024-07-03 03:52:07,25.73,77.94,42
373,t2g3:105,t2g3,25.75;78.26;42,2024-07-03 04:07:08,25.75,78.26,42
374,t2g3:105,t2g3,25.72;78.05;42,2024-07-03 04:22:09,25.72,78.05,42
375,t2g3:105,t2g3,25.76;78.25;42,2024-07-03 04:37:09,25.76,78.25,42
376,t2g3:105,t2g3,25.80;78.90;42,2024-07-03 04:52:10,25.80,78.90,42
377,t2g3:105,t2g3,25.80;79.34;42,2024-07-03 05:07:11,25.80,79.34,42
378,t2g3:105,t2g3,25.83;79.90;42,2024-07-03 05:22:12,25.83,79.90,42
379,t2g3:105,t2g3,25.82;80.19;42,2024-07-03 05:37:13,25.82,80.19,42
380,t2g3:105,t2g3,25.87;80.65;42,2024-07-03 05:52:13,25.87,80.65,42
381,t2g3:105,t2g3,25.86;80.74;42,2024-07-03 06:07:14,25.86,80.74,42
382,t2g3:105,t2g3,25.87;81.05;42,2024-07-03 06:22:15,25.87,81.05,42
383,t2g3:105,t2g3,25.80;78.37;42,2024-07-03 06:37:15,25.80,78.37,42
384,t2g3:105,t2g3,25.28;75.97;42,2024-07-03 06:52:16,25.28,75.97,42
385,t2g3:105,t2g3,24.88;74.10;42,2024-07-03 07:07:17,24.88,74.10,42
386,t2g3:105,t2g3,24.63;72.75;42,2024-07-03 07:22:18,24.63,72.75,42
387,t2g3:105,t2g3,24.33;71.30;42,2024-07-03 07:37:19,24.33,71.30,42
388,t2g3:105,t2g3,24.08;69.29;42,2024-07-03 07:52:19,24.08,69.29,42
389,t2g3:105,t2g3,23.80;67.35;42,2024-07-03 08:07:20,23.80,67.35,42
390,t2g3:105,t2g3,23.51;65.82;42,2024-07-03 08:22:21,23.51,65.82,42
391,t2g3:105,t2g3,23.31;65.09;42,2024-07-03 08:37:22,23.31,65.09,42
392,t2g3:105,t2g3,23.19;64.36;42,2024-07-03 08:52:23,23.19,64.36,42
393,t2g3:105,t2g3,23.09;64.06;42,2024-07-03 09:07:23,23.09,64.06,42
394,t2g3:105,t2g3,23.06;63.73;42,2024-07-03 09:22:24,23.06,63.73,42
395,t2g3:105,t2g3,23.05;63.46;42,2024-07-03 09:37:25,23.05,63.46,42
396,t2g3:105,t2g3,23.05;63.10;42,2024-07-03 09:52:26,23.05,63.10,42
397,t2g3:105,t2g3,22.99;63.05;42,2024-07-03 10:07:27,22.99,63.05,42
398,t2g3:105,t2g3,22.96;62.99;42,2024-07-03 10:22:28,22.96,62.99,42
399,t2g3:105,t2g3,22.96;62.93;42,2024-07-03 10:37:29,22.96,62.93,42
400,t2g3:105,t2g3,22.99;62.84;42,2024-07-03 10:52:30,22.99,62.84,42
401,t2g3:105,t2g3,23.05;63.57;42,2024-07-03 11:07:31,23.05,63.57,42
402,t2g3:105,t2g3,23.07;63.39;42,2024-07-03 11:22:31,23.07,63.39,42
403,t2g3:105,t2g3,23.13;63.48;42,2024-07-03 11:37:32,23.13,63.48,42
404,t2g3:105,t2g3,23.27;63.72;42,2024-07-03 11:52:33,23.27,63.72,42
405,t2g3:105,t2g3,23.46;64.81;42,2024-07-03 12:07:34,23.46,64.81,42
406,t2g3:105,t2g3,23.53;64.70;42,2024-07-03 12:22:35,23.53,64.70,42
407,t2g3:105,t2g3,23.57;64.33;42,2024-07-03 12:37:36,23.57,64.33,42
408,t2g3:105,t2g3,23.62;64.96;42,2024-07-03 12:52:36,23.62,64.96,42
409,t2g3:105,t2g3,23.53;64.27;42,2024-07-03 13:07:37,23.53,64.27,42
410,t2g3:105,t2g3,23.37;64.88;42,2024-07-03 13:22:38,23.37,64.88,42
411,t2g3:105,t2g3,23.30;64.72;42,2024-07-03 13:37:39,23.30,64.72,42
412,t2g3:105,t2g3,23.24;64.73;42,2024-07-03 13:52:40,23.24,64.73,42
413,t2g3:105,t2g3,23.20;65.01;42,2024-07-03 14:07:41,23.20,65.01,42
414,t2g3:105,t2g3,23.17;65.76;42,2024-07-03 14:22:42,23.17,65.76,42
415,t2g3:105,t2g3,23.14;66.39;42,2024-07-03 14:37:43,23.14,66.39,42
416,t2g3:105,t2g3,23.02;66.66;42,2024-07-03 14:52:43,23.02,66.66,42
417,t2g3:105,t2g3,22.91;66.53;42,2024-07-03 15:07:44,22.91,66.53,42
418,t2g3:105,t2g3,22.88;66.70;42,2024-07-03 15:22:45,22.88,66.70,42
419,t2g3:105,t2g3,22.76;66.41;42,2024-07-03 15:37:46,22.76,66.41,42
420,t2g3:105,t2g3,22.71;65.05;42,2024-07-03 15:52:47,22.71,65.05,42
421,t2g3:105,t2g3,22.65;65.38;42,2024-07-03 16:07:48,22.65,65.38,42
422,t2g3:105,t2g3,22.64;66.01;42,2024-07-03 16:22:49,22.64,66.01,42
423,t2g3:105,t2g3,22.66;65.24;42,2024-07-03 16:37:50,22.66,65.24,42
424,t2g3:105,t2g3,22.82;65.21;42,2024-07-03 16:52:51,22.82,65.21,42
425,t2g3:105,t2g3,23.01;65.05;42,2024-07-03 17:07:51,23.01,65.05,42
426,t2g3:105,t2g3,23.24;64.59;42,2024-07-03 17:22:52,23.24,64.59,42
427,t2g3:105,t2g3,23.39;65.02;42,2024-07-03 17:37:53,23.39,65.02,42
428,t2g3:105,t2g3,23.29;63.98;42,2024-07-03 17:52:54,23.29,63.98,42
429,t2g3:105,t2g3,23.12;63.51;42,2024-07-03 18:07:55,23.12,63.51,42
430,t2g3:105,t2g3,22.96;63.34;42,2024-07-03 18:22:56,22.96,63.34,42
431,t2g3:105,t2g3,22.79;63.32;42,2024-07-03 18:37:57,22.79,63.32,42
432,t2g3:105,t2g3,22.71;63.16;42,2024-07-03 18:52:57,22.71,63.16,42
433,t2g3:105,t2g3,22.93;62.50;42,2024-07-03 19:07:58,22.93,62.50,42
434,t2g3:105,t2g3,23.46;62.81;42,2024-07-03 19:22:59,23.46,62.81,42
435,t2g3:105,t2g3,23.72;62.69;42,2024-07-03 19:38:00,23.72,62.69,42
436,t2g3:105,t2g3,23.92;62.64;42,2024-07-03 19:53:01,23.92,62.64,42
437,t2g3:105,t2g3,24.01;62.95;42,2024-07-03 20:08:01,24.01,62.95,42
438,t2g3:105,t2g3,24.15;65.07;42,2024-07-03 20:23:02,24.15,65.07,42
439,t2g3:105,t2g3,24.28;67.55;42,2024-07-03 20:38:03,24.28,67.55,42
440,t2g3:105,t2g3,24.36;68.71;42,2024-07-03 20:53:04,24.36,68.71,42
441,t2g3:105,t2g3,24.44;69.38;42,2024-07-03 21:08:05,24.44,69.38,42
442,t2g3:105,t2g3,24.50;71.83;42,2024-07-03 21:23:05,24.50,71.83,42
443,t2g3:105,t2g3,24.59;71.77;42,2024-07-03 21:38:06,24.59,71.77,42
444,t2g3:105,t2g3,24.66;72.86;42,2024-07-03 21:53:07,24.66,72.86,42
445,t2g3:105,t2g3,24.70;72.30;42,2024-07-03 22:08:08,24.70,72.30,42
446,t2g3:105,t2g3,24.77;72.18;42,2024-07-03 22:23:09,24.77,72.18,42
447,t2g3:105,t2g3,24.81;72.69;42,2024-07-03 22:38:09,24.81,72.69,42
448,t2g3:105,t2g3,24.87;73.17;42,2024-07-03 22:53:10,24.87,73.17,42
449,t2g3:105,t2g3,24.90;72.62;42,2024-07-03 23:08:11,24.90,72.62,42
450,t2g3:105,t2g3,24.94;72.89;42,2024-07-03 23:23:12,24.94,72.89,42
451,t2g3:105,t2g3,24.97;73.69;42,2024-07-03 23:38:13,24.97,73.69,42
452,t2g3:105,t2g3,25.01;73.35;42,2024-07-03 23:53:13,25.01,73.35,42
453,t2g3:105,t2g3,25.10;74.38;42,2024-07-04 00:08:14,25.10,74.38,42
454,t2g3:105,t2g3,25.08;74.81;42,2024-07-04 00:23:15,25.08,74.81,42
455,t2g3:105,t2g3,25.17;75.05;42,2024-07-04 00:38:16,25.17,75.05,42
456,t2g3:105,t2g3,25.19;75.25;42,2024-07-04 00:53:17,25.19,75.25,42
457,t2g3:105,t2g3,25.18;75.32;42,2024-07-04 01:08:18,25.18,75.32,42
458,t2g3:105,t2g3,25.22;75.57;42,2024-07-04 01:23:18,25.22,75.57,42
459,t2g3:105,t2g3,25.28;76.07;42,2024-07-04 01:38:19,25.28,76.07,42
460,t2g3:105,t2g3,25.29;76.11;42,2024-07-04 01:53:20,25.29,76.11,42
461,t2g3:105,t2g3,25.32;76.99;42,2024-07-04 02:08:20,25.32,76.99,42
462,t2g3:105,t2g3,25.32;77.34;42,2024-07-04 02:23:21,25.32,77.34,42
463,t2g3:105,t2g3,25.41;77.35;42,2024-07-04 02:38:22,25.41,77.35,42
464,t2g3:105,t2g3,25.39;78.11;42,2024-07-04 02:53:22,25.39,78.11,42
465,t2g3:105,t2g3,25.46;78.49;42,2024-07-04 03:08:23,25.46,78.49,42
466,t2g3:105,t2g3,25.46;78.73;42,2024-07-04 03:23:24,25.46,78.73,42
467,t2g3:105,t2g3,25.48;78.35;42,2024-07-04 03:38:25,25.48,78.35,42
468,t2g3:105,t2g3,25.48;78.33;42,2024-07-04 03:53:25,25.48,78.33,42
469,t2g3:105,t2g3,25.52;78.27;42,2024-07-04 04:08:26,25.52,78.27,42
470,t2g3:105,t2g3,25.50;78.31;42,2024-07-04 04:23:27,25.50,78.31,42
471,t2g3:105,t2g3,25.53;78.38;42,2024-07-04 04:38:27,25.53,78.38,42
472,t2g3:105,t2g3,25.58;78.52;42,2024-07-04 04:53:28,25.58,78.52,42
473,t2g3:105,t2g3,25.59;78.46;42,2024-07-04 05:08:29,25.59,78.46,42
474,t2g3:105,t2g3,25.62;78.50;42,2024-07-04 05:23:30,25.62,78.50,42
475,t2g3:105,t2g3,25.65;78.63;42,2024-07-04 05:38:31,25.65,78.63,42
476,t2g3:105,t2g3,25.66;78.78;42,2024-07-04 05:53:31,25.66,78.78,42
477,t2g3:105,t2g3,25.70;79.65;42,2024-07-04 06:08:32,25.70,79.65,42
478,t2g3:105,t2g3,25.75;79.80;42,2024-07-04 06:23:33,25.75,79.80,42
479,t2g3:105,t2g3,25.62;77.39;42,2024-07-04 06:38:34,25.62,77.39,42
480,t2g3:105,t2g3,25.15;75.57;42,2024-07-04 06:53:35,25.15,75.57,42
481,t2g3:105,t2g3,24.78;73.69;42,2024-07-04 07:08:35,24.78,73.69,42
482,t2g3:105,t2g3,24.47;72.12;42,2024-07-04 07:23:36,24.47,72.12,42
483,t2g3:105,t2g3,24.18;70.15;42,2024-07-04 07:38:37,24.18,70.15,42
484,t2g3:105,t2g3,23.91;68.17;42,2024-07-04 07:53:38,23.91,68.17,42
485,t2g3:105,t2g3,23.57;66.58;42,2024-07-04 08:08:38,23.57,66.58,42
486,t2g3:105,t2g3,23.34;65.10;42,2024-07-04 08:23:39,23.34,65.10,42
487,t2g3:105,t2g3,23.24;64.56;42,2024-07-04 08:38:40,23.24,64.56,42
488,t2g3:105,t2g3,23.05;63.94;42,2024-07-04 08:53:41,23.05,63.94,42
489,t2g3:105,t2g3,22.99;63.46;42,2024-07-04 09:08:41,22.99,63.46,42
490,t2g3:105,t2g3,22.89;63.26;42,2024-07-04 09:23:42,22.89,63.26,42
491,t2g3:105,t2g3,22.85;62.92;42,2024-07-04 09:38:43,22.85,62.92,42
492,t2g3:105,t2g3,22.79;63.00;42,2024-07-04 09:53:44,22.79,63.00,42
493,t2g3:105,t2g3,22.74;62.74;42,2024-07-04 10:08:44,22.74,62.74,42
494,t2g3:105,t2g3,22.76;62.51;42,2024-07-04 10:23:45,22.76,62.51,42
495,t2g3:105,t2g3,22.74;62.48;42,2024-07-04 10:38:46,22.74,62.48,42
496,t2g3:105,t2g3,22.74;62.33;42,2024-07-04 10:53:47,22.74,62.33,42
497,t2g3:105,t2g3,22.82;62.37;42,2024-07-04 11:08:47,22.82,62.37,42
498,t2g3:105,t2g3,22.88;62.21;42,2024-07-04 11:23:48,22.88,62.21,42
499,t2g3:105,t2g3,22.96;62.01;42,2024-07-04 11:38:49,22.96,62.01,42
500,t2g3:105,t2g3,22.92;61.81;42,2024-07-04 11:53:50,22.92,61.81,42
501,t2g3:105,t2g3,22.99;61.72;42,2024-07-04 12:08:50,22.99,61.72,42
502,t2g3:105,t2g3,23.01;61.91;42,2024-07-04 12:23:51,23.01,61.91,42
503,t2g3:105,t2g3,23.13;62.69;42,2024-07-04 12:38:52,23.13,62.69,42
504,t2g3:105,t2g3,23.27;62.37;42,2024-07-04 12:53:53,23.27,62.37,42
505,t2g3:105,t2g3,23.41;63.15;42,2024-07-04 13:08:54,23.41,63.15,42
506,t2g3:105,t2g3,23.57;62.77;42,2024-07-04 13:23:54,23.57,62.77,42
507,t2g3:105,t2g3,23.71;63.75;42,2024-07-04 13:38:55,23.71,63.75,42
508,t2g3:105,t2g3,23.97;64.16;42,2024-07-04 13:53:56,23.97,64.16,42
509,t2g3:105,t2g3,23.98;64.51;42,2024-07-04 14:08:57,23.98,64.51,42
510,t2g3:105,t2g3,23.95;64.74;42,2024-07-04 14:23:57,23.95,64.74,42
511,t2g3:105,t2g3,24.11;64.84;42,2024-07-04 14:38:58,24.11,64.84,42
512,t2g3:105,t2g3,24.29;64.85;42,2024-07-04 14:53:59,24.29,64.85,42
513,t2g3:105,t2g3,24.30;64.94;42,2024-07-04 15:09:00,24.30,64.94,42
514,t2g3:105,t2g3,24.20;65.19;42,2024-07-04 15:24:00,24.20,65.19,42
515,t2g3:105,t2g3,24.11;64.95;42,2024-07-04 15:39:01,24.11,64.95,42
516,t2g3:105,t2g3,24.13;64.65;42,2024-07-04 15:54:02,24.13,64.65,42
517,t2g3:105,t2g3,24.22;64.37;42,2024-07-04 16:09:02,24.22,64.37,42
518,t2g3:105,t2g3,24.29;64.21;42,2024-07-04 16:24:03,24.29,64.21,42
519,t2g3:105,t2g3,24.35;64.25;42,2024-07-04 16:39:04,24.35,64.25,42
520,t2g3:105,t2g3,24.28;64.36;42,2024-07-04 16:54:05,24.28,64.36,42
521,t2g3:105,t2g3,24.23;64.69;42,2024-07-04 17:09:05,24.23,64.69,42
522,t2g3:105,t2g3,24.13;64.65;42,2024-07-04 17:24:06,24.13,64.65,42
523,t2g3:105,t2g3,24.05;64.03;42,2024-07-04 17:39:07,24.05,64.03,42
524,t2g3:105,t2g3,23.91;64.19;42,2024-07-04 17:54:08,23.91,64.19,42
525,t2g3:105,t2g3,23.77;64.20;42,2024-07-04 18:09:09,23.77,64.20,42
526,t2g3:105,t2g3,23.61;64.49;42,2024-07-04 18:24:09,23.61,64.49,42
527,t2g3:105,t2g3,23.54;64.47;42,2024-07-04 18:39:10,23.54,64.47,42
528,t2g3:105,t2g3,23.44;64.08;42,2024-07-04 18:54:11,23.44,64.08,42
529,t2g3:105,t2g3,23.75;63.60;42,2024-07-04 19:09:12,23.75,63.60,42
530,t2g3:105,t2g3,24.15;62.67;42,2024-07-04 19:24:13,24.15,62.67,42
531,t2g3:105,t2g3,24.39;62.53;42,2024-07-04 19:39:13,24.39,62.53,42
532,t2g3:105,t2g3,24.56;62.62;42,2024-07-04 19:54:14,24.56,62.62,42
533,t2g3:105,t2g3,24.64;62.45;42,2024-07-04 20:09:15,24.64,62.45,42
534,t2g3:105,t2g3,24.74;63.60;42,2024-07-04 20:24:16,24.74,63.60,42
535,t2g3:105,t2g3,24.83;64.78;42,2024-07-04 20:39:16,24.83,64.78,42
536,t2g3:105,t2g3,24.91;65.32;42,2024-07-04 20:54:17,24.91,65.32,42
537,t2g3:105,t2g3,25.01;66.37;42,2024-07-04 21:09:18,25.01,66.37,42
538,t2g3:105,t2g3,25.07;66.93;42,2024-07-04 21:24:19,25.07,66.93,42
539,t2g3:105,t2g3,25.08;68.22;42,2024-07-04 21:39:20,25.08,68.22,42
540,t2g3:105,t2g3,25.15;68.01;42,2024-07-04 21:54:20,25.15,68.01,42
541,t2g3:105,t2g3,25.19;68.97;42,2024-07-04 22:09:21,25.19,68.97,42
542,t2g3:105,t2g3,25.25;69.62;42,2024-07-04 22:24:22,25.25,69.62,42
543,t2g3:105,t2g3,25.28;70.83;42,2024-07-04 22:39:23,25.28,70.83,42
544,t2g3:105,t2g3,25.32;71.41;42,2024-07-04 22:54:23,25.32,71.41,42
545,t2g3:105,t2g3,25.36;71.42;42,2024-07-04 23:09:24,25.36,71.42,42
546,t2g3:105,t2g3,25.39;71.67;42,2024-07-04 23:24:25,25.39,71.67,42
547,t2g3:105,t2g3,25.44;72.00;42,2024-07-04 23:39:26,25.44,72.00,42
548,t2g3:105,t2g3,25.46;72.39;42,2024-07-04 23:54:27,25.46,72.39,42
549,t2g3:105,t2g3,25.48;72.80;42,2024-07-05 00:09:27,25.48,72.80,42
550,t2g3:105,t2g3,25.52;73.19;42,2024-07-05 00:24:28,25.52,73.19,42
551,t2g3:105,t2g3,25.55;73.83;42,2024-07-05 00:39:29,25.55,73.83,42
552,t2g3:105,t2g3,25.58;74.51;42,2024-07-05 00:54:30,25.58,74.51,42
553,t2g3:105,t2g3,25.59;74.38;42,2024-07-05 01:09:31,25.59,74.38,42
554,t2g3:105,t2g3,25.63;75.12;42,2024-07-05 01:24:32,25.63,75.12,42
555,t2g3:105,t2g3,25.65;75.81;42,2024-07-05 01:39:32,25.65,75.81,42
556,t2g3:105,t2g3,25.68;76.36;42,2024-07-05 01:54:33,25.68,76.36,42
557,t2g3:105,t2g3,25.68;77.04;42,2024-07-05 02:09:34,25.68,77.04,42
558,t2g3:105,t2g3,25.72;77.39;42,2024-07-05 02:24:35,25.72,77.39,42
559,t2g3:105,t2g3,25.72;77.83;42,2024-07-05 02:39:36,25.72,77.83,42
560,t2g3:105,t2g3,25.75;78.05;42,2024-07-05 02:54:36,25.75,78.05,42
561,t2g3:105,t2g3,25.76;77.99;42,2024-07-05 03:09:37,25.76,77.99,42
562,t2g3:105,t2g3,25.77;78.32;42,2024-07-05 03:24:38,25.77,78.32,42
563,t2g3:105,t2g3,25.76;78.59;42,2024-07-05 03:39:39,25.76,78.59,42
564,t2g3:105,t2g3,25.80;78.78;42,2024-07-05 03:54:39,25.80,78.78,42
565,t2g3:105,t2g3,25.82;79.15;42,2024-07-05 04:09:40,25.82,79.15,42
566,t2g3:105,t2g3,25.84;79.43;42,2024-07-05 04:24:41,25.84,79.43,42
567,t2g3:105,t2g3,25.84;79.68;42,2024-07-05 04:39:42,25.84,79.68,42
568,t2g3:105,t2g3,25.89;80.33;42,2024-07-05 04:54:42,25.89,80.33,42
569,t2g3:105,t2g3,25.89;80.56;42,2024-07-05 05:09:43,25.89,80.56,42
570,t2g3:105,t2g3,25.89;80.83;42,2024-07-05 05:24:44,25.89,80.83,42
571,t2g3:105,t2g3,25.90;81.03;42,2024-07-05 05:39:45,25.90,81.03,42
572,t2g3:105,t2g3,25.94;81.66;42,2024-07-05 05:54:45,25.94,81.66,42
573,t2g3:105,t2g3,25.96;81.39;42,2024-07-05 06:09:46,25.96,81.39,42
574,t2g3:105,t2g3,25.94;81.58;42,2024-07-05 06:24:47,25.94,81.58,42
575,t2g3:105,t2g3,25.73;77.72;42,2024-07-05 06:39:48,25.73,77.72,42
576,t2g3:105,t2g3,25.28;75.60;42,2024-07-05 06:54:48,25.28,75.60,42
577,t2g3:105,t2g3,24.90;73.72;42,2024-07-05 07:09:49,24.90,73.72,42
578,t2g3:105,t2g3,24.62;72.21;42,2024-07-05 07:24:50,24.62,72.21,42
579,t2g3:105,t2g3,24.35;70.65;42,2024-07-05 07:39:50,24.35,70.65,42
580,t2g3:105,t2g3,24.08;68.25;42,2024-07-05 07:54:51,24.08,68.25,42
581,t2g3:105,t2g3,23.75;66.59;42,2024-07-05 08:09:52,23.75,66.59,42
582,t2g3:105,t2g3,23.54;64.96;42,2024-07-05 08:24:52,23.54,64.96,42
583,t2g3:105,t2g3,23.30;64.09;42,2024-07-05 08:39:53,23.30,64.09,42
584,t2g3:105,t2g3,23.16;63.48;42,2024-07-05 08:54:54,23.16,63.48,42
585,t2g3:105,t2g3,23.07;63.18;42,2024-07-05 09:09:55,23.07,63.18,42
586,t2g3:105,t2g3,22.95;62.98;42,2024-07-05 09:24:56,22.95,62.98,42
587,t2g3:105,t2g3,22.95;64.23;42,2024-07-05 09:39:56,22.95,64.23,42
588,t2g3:105,t2g3,22.89;65.50;42,2024-07-05 09:54:57,22.89,65.50,42
589,t2g3:105,t2g3,22.82;67.87;42,2024-07-05 10:09:58,22.82,67.87,42
590,t2g3:105,t2g3,22.65;66.79;42,2024-07-05 10:24:59,22.65,66.79,42
591,t2g3:105,t2g3,22.50;65.72;42,2024-07-05 10:40:00,22.50,65.72,42
592,t2g3:105,t2g3,22.43;64.36;42,2024-07-05 10:55:01,22.43,64.36,42
593,t2g3:105,t2g3,22.31;63.61;42,2024-07-05 11:10:01,22.31,63.61,42
594,t2g3:105,t2g3,22.33;64.78;42,2024-07-05 11:25:02,22.33,64.78,42
595,t2g3:105,t2g3,22.31;64.43;42,2024-07-05 11:40:03,22.31,64.43,42
596,t2g3:105,t2g3,22.37;65.44;42,2024-07-05 11:55:04,22.37,65.44,42
597,t2g3:105,t2g3,22.54;65.03;42,2024-07-05 12:10:05,22.54,65.03,42
598,t2g3:105,t2g3,22.65;64.67;42,2024-07-05 12:25:05,22.65,64.67,42
599,t2g3:105,t2g3,22.85;65.12;42,2024-07-05 12:40:06,22.85,65.12,42
600,t2g3:105,t2g3,22.89;65.47;42,2024-07-05 12:55:07,22.89,65.47,42
601,t2g3:105,t2g3,22.99;65.71;42,2024-07-05 13:10:08,22.99,65.71,42
602,t2g3:105,t2g3,23.10;66.18;42,2024-07-05 13:25:08,23.10,66.18,42
603,t2g3:105,t2g3,23.22;65.82;42,2024-07-05 13:40:09,23.22,65.82,42
604,t2g3:105,t2g3,23.30;65.58;42,2024-07-05 13:55:10,23.30,65.58,42
605,t2g3:105,t2g3,23.37;64.79;42,2024-07-05 14:10:11,23.37,64.79,42
606,t2g3:105,t2g3,23.41;64.27;42,2024-07-05 14:25:12,23.41,64.27,42
607,t2g3:105,t2g3,23.56;65.53;42,2024-07-05 14:40:12,23.56,65.53,42
608,t2g3:105,t2g3,23.74;64.36;42,2024-07-05 14:55:13,23.74,64.36,42
609,t2g3:105,t2g3,23.94;64.77;42,2024-07-05 15:10:14,23.94,64.77,42
610,t2g3:105,t2g3,24.08;65.78;42,2024-07-05 15:25:14,24.08,65.78,42
611,t2g3:105,t2g3,24.22;65.58;42,2024-07-05 15:40:15,24.22,65.58,42
612,t2g3:105,t2g3,24.33;64.30;42,2024-07-05 15:55:16,24.33,64.30,42
613,t2g3:105,t2g3,24.32;64.39;42,2024-07-05 16:10:17,24.32,64.39,42
614,t2g3:105,t2g3,24.26;64.54;42,2024-07-05 16:25:17,24.26,64.54,42
615,t2g3:105,t2g3,24.32;64.30;42,2024-07-05 16:40:18,24.32,64.30,42
616,t2g3:105,t2g3,24.36;64.46;42,2024-07-05 16:55:19,24.36,64.46,42
617,t2g3:105,t2g3,24.33;64.38;42,2024-07-05 17:10:20,24.33,64.38,42
618,t2g3:105,t2g3,24.16;63.94;42,2024-07-05 17:25:20,24.16,63.94,42
619,t2g3:105,t2g3,24.04;63.79;42,2024-07-05 17:40:21,24.04,63.79,42
620,t2g3:105,t2g3,23.89;64.18;42,2024-07-05 17:55:22,23.89,64.18,42
621,t2g3:105,t2g3,23.75;64.29;42,2024-07-05 18:10:23,23.75,64.29,42
622,t2g3:105,t2g3,23.71;64.81;42,2024-07-05 18:25:24,23.71,64.81,42
623,t2g3:105,t2g3,23.62;64.82;42,2024-07-05 18:40:24,23.62,64.82,42
624,t2g3:105,t2g3,23.53;65.41;42,2024-07-05 18:55:25,23.53,65.41,42
625,t2g3:105,t2g3,23.89;64.14;42,2024-07-05 19:10:26,23.89,64.14,42
626,t2g3:105,t2g3,24.26;63.40;42,2024-07-05 19:25:26,24.26,63.40,42
627,t2g3:105,t2g3,24.46;63.59;42,2024-07-05 19:40:27,24.46,63.59,42
628,t2g3:105,t2g3,24.59;63.27;42,2024-07-05 19:55:28,24.59,63.27,42
629,t2g3:105,t2g3,24.67;63.73;42,2024-07-05 20:10:29,24.67,63.73,42
630,t2g3:105,t2g3,24.78;65.31;42,2024-07-05 20:25:29,24.78,65.31,42
631,t2g3:105,t2g3,24.91;67.38;42,2024-07-05 20:40:30,24.91,67.38,42
632,t2g3:105,t2g3,24.98;68.75;42,2024-07-05 20:55:31,24.98,68.75,42
633,t2g3:105,t2g3,25.03;69.75;42,2024-07-05 21:10:32,25.03,69.75,42
634,t2g3:105,t2g3,25.10;71.01;42,2024-07-05 21:25:33,25.10,71.01,42
635,t2g3:105,t2g3,25.17;71.32;42,2024-07-05 21:40:33,25.17,71.32,42
636,t2g3:105,t2g3,25.19;72.25;42,2024-07-05 21:55:34,25.19,72.25,42
637,t2g3:105,t2g3,25.26;72.99;42,2024-07-05 22:10:35,25.26,72.99,42
638,t2g3:105,t2g3,25.29;73.38;42,2024-07-05 22:25:36,25.29,73.38,42
639,t2g3:105,t2g3,25.34;73.81;42,2024-07-05 22:40:36,25.34,73.81,42
640,t2g3:105,t2g3,25.38;74.45;42,2024-07-05 22:55:37,25.38,74.45,42
641,t2g3:105,t2g3,25.39;74.59;42,2024-07-05 23:10:38,25.39,74.59,42
642,t2g3:105,t2g3,25.44;75.07;42,2024-07-05 23:25:39,25.44,75.07,42
643,t2g3:105,t2g3,25.48;75.50;42,2024-07-05 23:40:39,25.48,75.50,42
644,t2g3:105,t2g3,25.46;74.68;42,2024-07-05 23:55:40,25.46,74.68,42
645,t2g3:105,t2g3,25.48;74.38;42,2024-07-06 00:10:41,25.48,74.38,42
646,t2g3:105,t2g3,25.52;74.38;42,2024-07-06 00:25:41,25.52,74.38,42
647,t2g3:105,t2g3,25.53;73.99;42,2024-07-06 00:40:42,25.53,73.99,42
648,t2g3:105,t2g3,25.55;74.13;42,2024-07-06 00:55:43,25.55,74.13,42
649,t2g3:105,t2g3,25.56;74.55;42,2024-07-06 01:10:44,25.56,74.55,42
650,t2g3:105,t2g3,25.58;75.75;42,2024-07-06 01:25:44,25.58,75.75,42
651,t2g3:105,t2g3,25.59;76.91;42,2024-07-06 01:40:45,25.59,76.91,42
652,t2g3:105,t2g3,25.65;77.84;42,2024-07-06 01:55:46,25.65,77.84,42
653,t2g3:105,t2g3,25.68;78.70;42,2024-07-06 02:10:47,25.68,78.70,42
654,t2g3:105,t2g3,25.66;79.11;42,2024-07-06 02:25:47,25.66,79.11,42
655,t2g3:105,t2g3,25.68;78.78;42,2024-07-06 02:40:48,25.68,78.78,42
656,t2g3:105,t2g3,25.70;78.80;42,2024-07-06 02:55:49,25.70,78.80,42
657,t2g3:105,t2g3,25.72;79.09;42,2024-07-06 03:10:49,25.72,79.09,42
658,t2g3:105,t2g3,25.76;79.59;42,2024-07-06 03:25:50,25.76,79.59,42
659,t2g3:105,t2g3,25.77;79.77;42,2024-07-06 03:40:51,25.77,79.77,42
660,t2g3:105,t2g3,25.76;79.73;42,2024-07-06 03:55:52,25.76,79.73,42
661,t2g3:105,t2g3,25.79;79.64;42,2024-07-06 04:10:52,25.79,79.64,42
662,t2g3:105,t2g3,25.79;79.75;42,2024-07-06 04:25:53,25.79,79.75,42
663,t2g3:105,t2g3,25.80;79.71;42,2024-07-06 04:40:54,25.80,79.71,42
664,t2g3:105,t2g3,25.84;79.83;42,2024-07-06 04:55:54,25.84,79.83,42
665,t2g3:105,t2g3,25.84;79.94;42,2024-07-06 05:10:55,25.84,79.94,42
666,t2g3:105,t2g3,25.83;79.95;42,2024-07-06 05:25:56,25.83,79.95,42
667,t2g3:105,t2g3,25.86;80.42;42,2024-07-06 05:40:57,25.86,80.42,42
668,t2g3:105,t2g3,25.89;80.41;42,2024-07-06 05:55:58,25.89,80.41,42
669,t2g3:105,t2g3,25.89;80.23;42,2024-07-06 06:10:58,25.89,80.23,42
670,t2g3:105,t2g3,25.92;80.50;42,2024-07-06 06:25:59,25.92,80.50,42
671,t2g3:105,t2g3,25.93;80.63;42,2024-07-06 06:41:00,25.93,80.63,42
672,t2g3:105,t2g3,25.94;80.49;42,2024-07-06 06:56:00,25.94,80.49,42
673,t2g3:105,t2g3,25.93;80.47;42,2024-07-06 07:11:01,25.93,80.47,42
674,t2g3:105,t2g3,25.93;80.49;42,2024-07-06 07:26:02,25.93,80.49,42
675,t2g3:105,t2g3,25.96;80.91;42,2024-07-06 07:41:03,25.96,80.91,42
676,t2g3:105,t2g3,26.00;81.47;42,2024-07-06 07:56:03,26.00,81.47,42
677,t2g3:105,t2g3,26.00;81.53;42,2024-07-06 08:11:04,26.00,81.53,42
678,t2g3:105,t2g3,26.01;81.63;42,2024-07-06 08:26:05,26.01,81.63,42
679,t2g3:105,t2g3,26.03;81.61;42,2024-07-06 08:41:05,26.03,81.61,42
680,t2g3:105,t2g3,26.05;81.57;42,2024-07-06 08:56:06,26.05,81.57,42
681,t2g3:105,t2g3,26.19;81.60;42,2024-07-06 09:11:07,26.19,81.60,42
682,t2g3:105,t2g3,26.26;81.18;42,2024-07-06 09:26:07,26.26,81.18,42
683,t2g3:105,t2g3,26.31;80.93;42,2024-07-06 09:41:08,26.31,80.93,42
684,t2g3:105,t2g3,26.35;80.78;42,2024-07-06 09:56:09,26.35,80.78,42
685,t2g3:105,t2g3,26.41;80.58;42,2024-07-06 10:11:10,26.41,80.58,42
686,t2g3:105,t2g3,26.45;79.90;42,2024-07-06 10:26:11,26.45,79.90,42
687,t2g3:105,t2g3,26.55;79.90;42,2024-07-06 10:41:11,26.55,79.90,42
688,t2g3:105,t2g3,26.63;80.06;42,2024-07-06 10:56:12,26.63,80.06,42
689,t2g3:105,t2g3,26.71;80.20;42,2024-07-06 11:11:13,26.71,80.20,42
690,t2g3:105,t2g3,26.78;80.10;42,2024-07-06 11:26:14,26.78,80.10,42
691,t2g3:105,t2g3,26.85;79.90;42,2024-07-06 11:41:15,26.85,79.90,42
692,t2g3:105,t2g3,26.86;79.62;42,2024-07-06 11:56:15,26.86,79.62,42
693,t2g3:105,t2g3,27.00;79.66;42,2024-07-06 12:11:16,27.00,79.66,42
694,t2g3:105,t2g3,27.09;79.60;42,2024-07-06 12:26:17,27.09,79.60,42
695,t2g3:105,t2g3,27.17;79.31;42,2024-07-06 12:41:18,27.17,79.31,42
696,t2g3:105,t2g3,27.26;78.85;42,2024-07-06 12:56:19,27.26,78.85,42
697,t2g3:105,t2g3,27.36;78.47;42,2024-07-06 13:11:19,27.36,78.47,42
698,t2g3:105,t2g3,27.44;77.75;42,2024-07-06 13:26:20,27.44,77.75,42
699,t2g3:105,t2g3,27.54;77.38;42,2024-07-06 13:41:21,27.54,77.38,42
700,t2g3:105,t2g3,27.67;77.05;42,2024-07-06 13:56:22,27.67,77.05,42
701,t2g3:105,t2g3,27.71;76.72;42,2024-07-06 14:11:23,27.71,76.72,42
702,t2g3:105,t2g3,27.75;76.47;42,2024-07-06 14:26:23,27.75,76.47,42
703,t2g3:105,t2g3,27.80;75.94;42,2024-07-06 14:41:24,27.80,75.94,42
704,t2g3:105,t2g3,27.81;75.52;42,2024-07-06 14:56:25,27.81,75.52,42
705,t2g3:105,t2g3,27.81;75.40;42,2024-07-06 15:11:25,27.81,75.40,42
706,t2g3:105,t2g3,27.84;75.38;42,2024-07-06 15:26:26,27.84,75.38,42
707,t2g3:105,t2g3,27.81;75.54;42,2024-07-06 15:41:27,27.81,75.54,42
708,t2g3:105,t2g3,27.80;75.56;42,2024-07-06 15:56:28,27.80,75.56,42
709,t2g3:105,t2g3,27.85;75.64;42,2024-07-06 16:11:28,27.85,75.64,42
710,t2g3:105,t2g3,27.95;75.27;42,2024-07-06 16:26:29,27.95,75.27,42
711,t2g3:105,t2g3,28.02;75.13;42,2024-07-06 16:41:30,28.02,75.13,42
712,t2g3:105,t2g3,28.08;74.85;42,2024-07-06 16:56:30,28.08,74.85,42
713,t2g3:105,t2g3,28.11;74.73;42,2024-07-06 17:11:31,28.11,74.73,42
714,t2g3:105,t2g3,28.18;74.81;42,2024-07-06 17:26:32,28.18,74.81,42
715,t2g3:105,t2g3,28.19;74.84;42,2024-07-06 17:41:32,28.19,74.84,42
716,t2g3:105,t2g3,28.18;75.21;42,2024-07-06 17:56:33,28.18,75.21,42
717,t2g3:105,t2g3,28.16;75.47;42,2024-07-06 18:11:34,28.16,75.47,42
718,t2g3:105,t2g3,28.15;75.45;42,2024-07-06 18:26:34,28.15,75.45,42
719,t2g3:105,t2g3,28.06;75.52;42,2024-07-06 18:41:35,28.06,75.52,42
720,t2g3:105,t2g3,28.01;75.58;42,2024-07-06 18:56:36,28.01,75.58,42
721,t2g3:105,t2g3,27.98;75.77;42,2024-07-06 19:11:37,27.98,75.77,42
722,t2g3:105,t2g3,27.91;76.06;42,2024-07-06 19:26:37,27.91,76.06,42
723,t2g3:105,t2g3,27.92;76.03;42,2024-07-06 19:41:38,27.92,76.03,42
724,t2g3:105,t2g3,27.87;76.00;42,2024-07-06 19:56:39,27.87,76.00,42
725,t2g3:105,t2g3,27.83;76.15;42,2024-07-06 20:11:40,27.83,76.15,42
726,t2g3:105,t2g3,27.80;76.51;42,2024-07-06 20:26:41,27.80,76.51,42
727,t2g3:105,t2g3,27.77;76.44;42,2024-07-06 20:41:41,27.77,76.44,42
728,t2g3:105,t2g3,27.74;76.56;42,2024-07-06 20:56:42,27.74,76.56,42
729,t2g3:105,t2g3,27.72;76.61;42,2024-07-06 21:11:43,27.72,76.61,42
730,t2g3:105,t2g3,27.71;76.59;42,2024-07-06 21:26:44,27.71,76.59,42
731,t2g3:105,t2g3,27.67;76.82;42,2024-07-06 21:41:45,27.67,76.82,42
732,t2g3:105,t2g3,27.67;77.26;42,2024-07-06 21:56:45,27.67,77.26,42
733,t2g3:105,t2g3,27.65;77.62;42,2024-07-06 22:11:46,27.65,77.62,42
734,t2g3:105,t2g3,27.61;77.70;42,2024-07-06 22:26:47,27.61,77.70,42
735,t2g3:105,t2g3,27.60;77.85;42,2024-07-06 22:41:47,27.60,77.85,42
736,t2g3:105,t2g3,27.57;78.16;42,2024-07-06 22:56:48,27.57,78.16,42
737,t2g3:105,t2g3,27.54;78.66;42,2024-07-06 23:11:49,27.54,78.66,42
738,t2g3:105,t2g3,27.51;79.10;42,2024-07-06 23:26:50,27.51,79.10,42
739,t2g3:105,t2g3,27.50;78.90;42,2024-07-06 23:41:51,27.50,78.90,42
740,t2g3:105,t2g3,27.48;79.10;42,2024-07-06 23:56:51,27.48,79.10,42
741,t2g3:105,t2g3,27.48;79.31;42,2024-07-07 00:11:52,27.48,79.31,42
742,t2g3:105,t2g3,27.47;79.76;42,2024-07-07 00:26:53,27.47,79.76,42
743,t2g3:105,t2g3,27.44;79.98;42,2024-07-07 00:41:53,27.44,79.98,42
744,t2g3:105,t2g3,27.46;79.91;42,2024-07-07 00:56:54,27.46,79.91,42
745,t2g3:105,t2g3,27.40;80.11;42,2024-07-07 01:11:55,27.40,80.11,42
746,t2g3:105,t2g3,27.44;80.43;42,2024-07-07 01:26:55,27.44,80.43,42
747,t2g3:105,t2g3,27.43;80.76;42,2024-07-07 01:41:56,27.43,80.76,42
748,t2g3:105,t2g3,27.39;80.96;42,2024-07-07 01:56:57,27.39,80.96,42
749,t2g3:105,t2g3,27.39;81.04;42,2024-07-07 02:11:57,27.39,81.04,42
750,t2g3:105,t2g3,27.39;80.80;42,2024-07-07 02:26:58,27.39,80.80,42
751,t2g3:105,t2g3,27.39;80.94;42,2024-07-07 02:41:59,27.39,80.94,42
752,t2g3:105,t2g3,27.37;80.93;42,2024-07-07 02:57:00,27.37,80.93,42
753,t2g3:105,t2g3,27.34;80.90;42,2024-07-07 03:12:00,27.34,80.90,42
754,t2g3:105,t2g3,27.33;81.07;42,2024-07-07 03:27:01,27.33,81.07,42
755,t2g3:105,t2g3,27.34;80.92;42,2024-07-07 03:42:02,27.34,80.92,42
756,t2g3:105,t2g3,27.36;81.21;42,2024-07-07 03:57:02,27.36,81.21,42
757,t2g3:105,t2g3,27.33;81.24;42,2024-07-07 04:12:03,27.33,81.24,42
758,t2g3:105,t2g3,27.32;81.30;42,2024-07-07 04:27:04,27.32,81.30,42
759,t2g3:105,t2g3,27.33;81.61;42,2024-07-07 04:42:05,27.33,81.61,42
760,t2g3:105,t2g3,27.30;81.71;42,2024-07-07 04:57:06,27.30,81.71,42
761,t2g3:105,t2g3,27.32;81.79;42,2024-07-07 05:12:06,27.32,81.79,42
762,t2g3:105,t2g3,27.29;81.87;42,2024-07-07 05:27:07,27.29,81.87,42
763,t2g3:105,t2g3,27.29;81.97;42,2024-07-07 05:42:08,27.29,81.97,42
764,t2g3:105,t2g3,27.27;81.90;42,2024-07-07 05:57:08,27.27,81.90,42
765,t2g3:105,t2g3,27.26;81.65;42,2024-07-07 06:12:09,27.26,81.65,42
766,t2g3:105,t2g3,27.26;81.86;42,2024-07-07 06:27:10,27.26,81.86,42
767,t2g3:105,t2g3,27.25;81.64;42,2024-07-07 06:42:11,27.25,81.64,42
768,t2g3:105,t2g3,27.22;81.90;42,2024-07-07 06:57:11,27.22,81.90,42
769,t2g3:105,t2g3,27.25;81.90;42,2024-07-07 07:12:12,27.25,81.90,42
770,t2g3:105,t2g3,27.23;82.19;42,2024-07-07 07:27:13,27.23,82.19,42
771,t2g3:105,t2g3,27.20;81.56;42,2024-07-07 07:42:14,27.20,81.56,42
772,t2g3:105,t2g3,27.22;80.61;42,2024-07-07 07:57:14,27.22,80.61,42
773,t2g3:105,t2g3,27.19;79.63;42,2024-07-07 08:12:15,27.19,79.63,42
774,t2g3:105,t2g3,27.16;79.32;42,2024-07-07 08:27:16,27.16,79.32,42
775,t2g3:105,t2g3,27.20;79.15;42,2024-07-07 08:42:17,27.20,79.15,42
776,t2g3:105,t2g3,27.19;79.51;42,2024-07-07 08:57:18,27.19,79.51,42
777,t2g3:105,t2g3,27.17;79.73;42,2024-07-07 09:12:18,27.17,79.73,42
778,t2g3:105,t2g3,27.20;79.65;42,2024-07-07 09:27:19,27.20,79.65,42
779,t2g3:105,t2g3,27.23;79.75;42,2024-07-07 09:42:20,27.23,79.75,42
780,t2g3:105,t2g3,27.19;79.74;42,2024-07-07 09:57:21,27.19,79.74,42
781,t2g3:105,t2g3,27.25;79.76;42,2024-07-07 10:12:22,27.25,79.76,42
782,t2g3:105,t2g3,27.26;79.82;42,2024-07-07 10:27:22,27.26,79.82,42
783,t2g3:105,t2g3,27.29;79.89;42,2024-07-07 10:42:23,27.29,79.89,42
784,t2g3:105,t2g3,27.33;79.94;42,2024-07-07 10:57:24,27.33,79.94,42
785,t2g3:105,t2g3,27.36;80.03;42,2024-07-07 11:12:25,27.36,80.03,42
786,t2g3:105,t2g3,27.39;80.29;42,2024-07-07 11:27:25,27.39,80.29,42
787,t2g3:105,t2g3,27.47;80.69;42,2024-07-07 11:42:26,27.47,80.69,42
788,t2g3:105,t2g3,27.58;81.03;42,2024-07-07 11:57:27,27.58,81.03,42
789,t2g3:105,t2g3,27.69;80.65;42,2024-07-07 12:12:28,27.69,80.65,42
790,t2g3:105,t2g3,27.80;80.19;42,2024-07-07 12:27:28,27.80,80.19,42
791,t2g3:105,t2g3,27.94;79.71;42,2024-07-07 12:42:29,27.94,79.71,42
792,t2g3:105,t2g3,28.09;78.73;42,2024-07-07 12:57:30,28.09,78.73,42
793,t2g3:105,t2g3,28.22;77.97;42,2024-07-07 13:12:30,28.22,77.97,42
794,t2g3:105,t2g3,28.38;77.10;42,2024-07-07 13:27:31,28.38,77.10,42
795,t2g3:105,t2g3,28.47;76.59;42,2024-07-07 13:42:32,28.47,76.59,42
796,t2g3:105,t2g3,28.53;76.01;42,2024-07-07 13:57:33,28.53,76.01,42
797,t2g3:105,t2g3,28.63;75.81;42,2024-07-07 14:12:33,28.63,75.81,42
798,t2g3:105,t2g3,28.71;75.40;42,2024-07-07 14:27:34,28.71,75.40,42
799,t2g3:105,t2g3,28.91;74.87;42,2024-07-07 14:42:35,28.91,74.87,42
800,t2g3:105,t2g3,28.93;74.32;42,2024-07-07 14:57:35,28.93,74.32,42
801,t2g3:105,t2g3,28.89;74.00;42,2024-07-07 15:12:36,28.89,74.00,42
802,t2g3:105,t2g3,28.83;74.29;42,2024-07-07 15:27:37,28.83,74.29,42
803,t2g3:105,t2g3,28.73;75.56;42,2024-07-07 15:42:38,28.73,75.56,42
804,t2g3:105,t2g3,28.66;76.44;42,2024-07-07 15:57:39,28.66,76.44,42
805,t2g3:105,t2g3,28.62;77.05;42,2024-07-07 16:12:39,28.62,77.05,42
806,t2g3:105,t2g3,28.55;77.29;42,2024-07-07 16:27:40,28.55,77.29,42
807,t2g3:105,t2g3,28.50;77.65;42,2024-07-07 16:42:41,28.50,77.65,42
808,t2g3:105,t2g3,28.49;77.59;42,2024-07-07 16:57:42,28.49,77.59,42
809,t2g3:105,t2g3,28.46;77.56;42,2024-07-07 17:12:42,28.46,77.56,42
810,t2g3:105,t2g3,28.46;77.51;42,2024-07-07 17:27:43,28.46,77.51,42
811,t2g3:105,t2g3,28.46;77.39;42,2024-07-07 17:42:44,28.46,77.39,42
812,t2g3:105,t2g3,28.47;77.36;42,2024-07-07 17:57:45,28.47,77.36,42
813,t2g3:105,t2g3,28.52;77.20;42,2024-07-07 18:12:46,28.52,77.20,42
814,t2g3:105,t2g3,28.47;76.83;42,2024-07-07 18:27:47,28.47,76.83,42
815,t2g3:105,t2g3,28.39;76.98;42,2024-07-07 18:42:47,28.39,76.98,42
816,t2g3:105,t2g3,28.40;77.04;42,2024-07-07 18:57:48,28.40,77.04,42
817,t2g3:105,t2g3,28.38;77.22;42,2024-07-07 19:12:49,28.38,77.22,42
818,t2g3:105,t2g3,28.30;77.43;42,2024-07-07 19:27:50,28.30,77.43,42
819,t2g3:105,t2g3,28.29;77.36;42,2024-07-07 19:42:51,28.29,77.36,42
820,t2g3:105,t2g3,28.25;77.22;42,2024-07-07 19:57:52,28.25,77.22,42
821,t2g3:105,t2g3,28.22;77.21;42,2024-07-07 20:12:53,28.22,77.21,42
822,t2g3:105,t2g3,28.19;77.22;42,2024-07-07 20:27:54,28.19,77.22,42
823,t2g3:105,t2g3,28.18;77.34;42,2024-07-07 20:42:55,28.18,77.34,42
824,t2g3:105,t2g3,28.15;77.47;42,2024-07-07 20:57:56,28.15,77.47,42
825,t2g3:105,t2g3,28.12;77.34;42,2024-07-07 21:12:56,28.12,77.34,42
826,t2g3:105,t2g3,28.11;77.48;42,2024-07-07 21:27:57,28.11,77.48,42
827,t2g3:105,t2g3,28.08;77.68;42,2024-07-07 21:42:58,28.08,77.68,42
828,t2g3:105,t2g3,28.09;77.62;42,2024-07-07 21:57:59,28.09,77.62,42
829,t2g3:105,t2g3,28.02;77.76;42,2024-07-07 22:12:59,28.02,77.76,42
830,t2g3:105,t2g3,28.02;77.94;42,2024-07-07 22:28:00,28.02,77.94,42
831,t2g3:105,t2g3,27.98;77.99;42,2024-07-07 22:43:01,27.98,77.99,42
832,t2g3:105,t2g3,28.01;78.01;42,2024-07-07 22:58:02,28.01,78.01,42
833,t2g3:105,t2g3,27.97;78.06;42,2024-07-07 23:13:03,27.97,78.06,42
834,t2g3:105,t2g3,27.97;78.10;42,2024-07-07 23:28:04,27.97,78.10,42
835,t2g3:105,t2g3,27.92;78.14;42,2024-07-07 23:43:04,27.92,78.14,42
836,t2g3:105,t2g3,27.92;78.20;42,2024-07-07 23:58:05,27.92,78.20,42
837,t2g3:105,t2g3,27.89;78.55;42,2024-07-08 00:13:06,27.89,78.55,42
838,t2g3:105,t2g3,27.89;78.43;42,2024-07-08 00:28:07,27.89,78.43,42
839,t2g3:105,t2g3,27.88;78.41;42,2024-07-08 00:43:08,27.88,78.41,42
840,t2g3:105,t2g3,27.88;78.37;42,2024-07-08 00:58:09,27.88,78.37,42
841,t2g3:105,t2g3,27.85;78.61;42,2024-07-08 01:13:10,27.85,78.61,42
842,t2g3:105,t2g3,27.88;78.92;42,2024-07-08 01:28:10,27.88,78.92,42
843,t2g3:105,t2g3,27.84;79.06;42,2024-07-08 01:43:11,27.84,79.06,42
844,t2g3:105,t2g3,27.84;79.22;42,2024-07-08 01:58:12,27.84,79.22,42
845,t2g3:105,t2g3,27.84;79.26;42,2024-07-08 02:13:13,27.84,79.26,42
846,t2g3:105,t2g3,27.84;79.65;42,2024-07-08 02:28:14,27.84,79.65,42
847,t2g3:105,t2g3,27.83;79.60;42,2024-07-08 02:43:15,27.83,79.60,42
848,t2g3:105,t2g3,27.78;79.60;42,2024-07-08 02:58:16,27.78,79.60,42
849,t2g3:105,t2g3,27.75;79.49;42,2024-07-08 03:13:17,27.75,79.49,42
850,t2g3:105,t2g3,27.77;79.52;42,2024-07-08 03:28:18,27.77,79.52,42
851,t2g3:105,t2g3,27.74;79.74;42,2024-07-08 03:43:18,27.74,79.74,42
852,t2g3:105,t2g3,27.77;80.15;42,2024-07-08 03:58:19,27.77,80.15,42
853,t2g3:105,t2g3,27.75;80.39;42,2024-07-08 04:13:20,27.75,80.39,42
854,t2g3:105,t2g3,27.72;80.35;42,2024-07-08 04:28:21,27.72,80.35,42
855,t2g3:105,t2g3,27.75;80.43;42,2024-07-08 04:43:22,27.75,80.43,42
856,t2g3:105,t2g3,27.71;80.54;42,2024-07-08 04:58:23,27.71,80.54,42
857,t2g3:105,t2g3,27.71;81.00;42,2024-07-08 05:13:23,27.71,81.00,42
858,t2g3:105,t2g3,27.69;80.90;42,2024-07-08 05:28:24,27.69,80.90,42
859,t2g3:105,t2g3,27.68;80.95;42,2024-07-08 05:43:25,27.68,80.95,42
860,t2g3:105,t2g3,27.67;81.11;42,2024-07-08 05:58:26,27.67,81.11,42
861,t2g3:105,t2g3,27.69;81.10;42,2024-07-08 06:13:27,27.69,81.10,42
862,t2g3:105,t2g3,27.67;81.26;42,2024-07-08 06:28:27,27.67,81.26,42
863,t2g3:105,t2g3,27.40;79.40;42,2024-07-08 06:43:28,27.40,79.40,42
864,t2g3:105,t2g3,27.00;77.23;42,2024-07-08 06:58:29,27.00,77.23,42
865,t2g3:105,t2g3,26.61;74.93;42,2024-07-08 07:13:30,26.61,74.93,42
866,t2g3:105,t2g3,26.23;72.01;42,2024-07-08 07:28:31,26.23,72.01,42
867,t2g3:105,t2g3,25.80;69.14;42,2024-07-08 07:43:32,25.80,69.14,42
868,t2g3:105,t2g3,25.39;66.52;42,2024-07-08 07:58:32,25.39,66.52,42
869,t2g3:105,t2g3,25.08;64.30;42,2024-07-08 08:13:33,25.08,64.30,42
870,t2g3:105,t2g3,24.76;63.13;42,2024-07-08 08:28:34,24.76,63.13,42
871,t2g3:105,t2g3,24.44;62.28;42,2024-07-08 08:43:35,24.44,62.28,42
872,t2g3:105,t2g3,24.30;61.81;42,2024-07-08 08:58:36,24.30,61.81,42
873,t2g3:105,t2g3,24.18;61.91;42,2024-07-08 09:13:37,24.18,61.91,42
874,t2g3:105,t2g3,24.08;62.64;42,2024-07-08 09:28:38,24.08,62.64,42
875,t2g3:105,t2g3,23.98;63.23;42,2024-07-08 09:43:38,23.98,63.23,42
876,t2g3:105,t2g3,23.91;63.65;42,2024-07-08 09:58:39,23.91,63.65,42
877,t2g3:105,t2g3,23.81;62.95;42,2024-07-08 10:13:40,23.81,62.95,42
878,t2g3:105,t2g3,23.82;62.94;42,2024-07-08 10:28:40,23.82,62.94,42
879,t2g3:105,t2g3,23.78;62.64;42,2024-07-08 10:43:41,23.78,62.64,42
880,t2g3:105,t2g3,23.70;62.61;42,2024-07-08 10:58:42,23.70,62.61,42
881,t2g3:105,t2g3,23.78;62.08;42,2024-07-08 11:13:43,23.78,62.08,42
882,t2g3:105,t2g3,23.89;62.90;42,2024-07-08 11:28:44,23.89,62.90,42
883,t2g3:105,t2g3,23.94;62.56;42,2024-07-08 11:43:45,23.94,62.56,42
884,t2g3:105,t2g3,24.01;62.70;42,2024-07-08 11:58:45,24.01,62.70,42
885,t2g3:105,t2g3,24.08;64.08;42,2024-07-08 12:13:46,24.08,64.08,42
886,t2g3:105,t2g3,24.19;63.19;42,2024-07-08 12:28:47,24.19,63.19,42
887,t2g3:105,t2g3,24.18;63.09;42,2024-07-08 12:43:48,24.18,63.09,42
888,t2g3:105,t2g3,24.11;64.27;42,2024-07-08 12:58:49,24.11,64.27,42
889,t2g3:105,t2g3,24.11;64.72;42,2024-07-08 13:13:49,24.11,64.72,42
890,t2g3:105,t2g3,24.01;65.43;42,2024-07-08 13:28:50,24.01,65.43,42
891,t2g3:105,t2g3,24.08;66.36;42,2024-07-08 13:43:51,24.08,66.36,42
892,t2g3:105,t2g3,24.05;65.89;42,2024-07-08 13:58:52,24.05,65.89,42
893,t2g3:105,t2g3,24.01;65.59;42,2024-07-08 14:13:53,24.01,65.59,42
894,t2g3:105,t2g3,24.02;66.64;42,2024-07-08 14:28:53,24.02,66.64,42
895,t2g3:105,t2g3,24.11;66.33;42,2024-07-08 14:43:54,24.11,66.33,42
896,t2g3:105,t2g3,23.99;66.29;42,2024-07-08 14:58:55,23.99,66.29,42
897,t2g3:105,t2g3,23.92;65.84;42,2024-07-08 15:13:56,23.92,65.84,42
898,t2g3:105,t2g3,23.95;67.35;42,2024-07-08 15:28:57,23.95,67.35,42
899,t2g3:105,t2g3,23.92;66.99;42,2024-07-08 15:43:57,23.92,66.99,42
900,t2g3:105,t2g3,23.85;67.62;42,2024-07-08 15:58:58,23.85,67.62,42
901,t2g3:105,t2g3,23.87;66.17;42,2024-07-08 16:13:59,23.87,66.17,42
902,t2g3:105,t2g3,23.80;66.62;42,2024-07-08 16:29:00,23.80,66.62,42
903,t2g3:105,t2g3,23.78;67.25;42,2024-07-08 16:44:01,23.78,67.25,42
904,t2g3:105,t2g3,23.64;66.71;42,2024-07-08 16:59:01,23.64,66.71,42
905,t2g3:105,t2g3,23.60;66.44;42,2024-07-08 17:14:02,23.60,66.44,42
906,t2g3:105,t2g3,23.56;66.48;42,2024-07-08 17:29:03,23.56,66.48,42
907,t2g3:105,t2g3,23.56;67.71;42,2024-07-08 17:44:04,23.56,67.71,42
908,t2g3:105,t2g3,23.57;67.95;42,2024-07-08 17:59:04,23.57,67.95,42
909,t2g3:105,t2g3,23.54;67.86;42,2024-07-08 18:14:05,23.54,67.86,42
910,t2g3:105,t2g3,23.53;68.06;42,2024-07-08 18:29:06,23.53,68.06,42
911,t2g3:105,t2g3,23.50;67.06;42,2024-07-08 18:44:07,23.50,67.06,42
912,t2g3:105,t2g3,23.30;67.46;42,2024-07-08 18:59:08,23.30,67.46,42
913,t2g3:105,t2g3,23.80;66.60;42,2024-07-08 19:14:08,23.80,66.60,42
914,t2g3:105,t2g3,24.13;67.16;42,2024-07-08 19:29:09,24.13,67.16,42
915,t2g3:105,t2g3,24.39;68.23;42,2024-07-08 19:44:10,24.39,68.23,42
916,t2g3:105,t2g3,24.50;68.76;42,2024-07-08 19:59:11,24.50,68.76,42
917,t2g3:105,t2g3,24.64;69.02;42,2024-07-08 20:14:12,24.64,69.02,42
918,t2g3:105,t2g3,24.76;69.19;42,2024-07-08 20:29:13,24.76,69.19,42
919,t2g3:105,t2g3,24.87;70.52;42,2024-07-08 20:44:13,24.87,70.52,42
920,t2g3:105,t2g3,24.94;70.59;42,2024-07-08 20:59:14,24.94,70.59,42
921,t2g3:105,t2g3,25.01;71.45;42,2024-07-08 21:14:15,25.01,71.45,42
922,t2g3:105,t2g3,25.11;72.45;42,2024-07-08 21:29:16,25.11,72.45,42
923,t2g3:105,t2g3,25.14;73.58;42,2024-07-08 21:44:17,25.14,73.58,42
924,t2g3:105,t2g3,25.18;73.98;42,2024-07-08 21:59:17,25.18,73.98,42
925,t2g3:105,t2g3,25.26;74.65;42,2024-07-08 22:14:18,25.26,74.65,42
926,t2g3:105,t2g3,25.34;74.69;42,2024-07-08 22:29:19,25.34,74.69,42
927,t2g3:105,t2g3,25.35;74.92;42,2024-07-08 22:44:20,25.35,74.92,42
928,t2g3:105,t2g3,25.41;74.79;42,2024-07-08 22:59:21,25.41,74.79,42
929,t2g3:105,t2g3,25.44;75.37;42,2024-07-08 23:14:21,25.44,75.37,42
930,t2g3:105,t2g3,25.49;75.45;42,2024-07-08 23:29:22,25.49,75.45,42
931,t2g3:105,t2g3,25.52;75.56;42,2024-07-08 23:44:23,25.52,75.56,42
932,t2g3:105,t2g3,25.55;75.82;42,2024-07-08 23:59:24,25.55,75.82,42
933,t2g3:105,t2g3,25.61;75.79;42,2024-07-09 00:14:24,25.61,75.79,42
934,t2g3:105,t2g3,25.61;76.15;42,2024-07-09 00:29:25,25.61,76.15,42
935,t2g3:105,t2g3,25.62;76.55;42,2024-07-09 00:44:26,25.62,76.55,42
936,t2g3:105,t2g3,25.68;76.51;42,2024-07-09 00:59:27,25.68,76.51,42
937,t2g3:105,t2g3,25.70;77.01;42,2024-07-09 01:14:28,25.70,77.01,42
938,t2g3:105,t2g3,25.72;77.25;42,2024-07-09 01:29:28,25.72,77.25,42
939,t2g3:105,t2g3,25.75;77.49;42,2024-07-09 01:44:29,25.75,77.49,42
940,t2g3:105,t2g3,25.75;77.78;42,2024-07-09 01:59:30,25.75,77.78,42
941,t2g3:105,t2g3,25.79;78.03;42,2024-07-09 02:14:31,25.79,78.03,42
942,t2g3:105,t2g3,25.82;78.02;42,2024-07-09 02:29:32,25.82,78.02,42
943,t2g3:105,t2g3,25.80;77.99;42,2024-07-09 02:44:32,25.80,77.99,42
944,t2g3:105,t2g3,25.83;78.07;42,2024-07-09 02:59:33,25.83,78.07,42
945,t2g3:105,t2g3,25.86;78.06;42,2024-07-09 03:14:34,25.86,78.06,42
946,t2g3:105,t2g3,25.87;78.04;42,2024-07-09 03:29:35,25.87,78.04,42
947,t2g3:105,t2g3,25.90;78.31;42,2024-07-09 03:44:35,25.90,78.31,42
948,t2g3:105,t2g3,25.92;78.21;42,2024-07-09 03:59:36,25.92,78.21,42
949,t2g3:105,t2g3,25.93;78.38;42,2024-07-09 04:14:37,25.93,78.38,42
950,t2g3:105,t2g3,25.92;78.28;42,2024-07-09 04:29:38,25.92,78.28,42
951,t2g3:105,t2g3,25.94;78.70;42,2024-07-09 04:44:38,25.94,78.70,42
952,t2g3:105,t2g3,25.97;79.30;42,2024-07-09 04:59:39,25.97,79.30,42
953,t2g3:105,t2g3,25.97;79.30;42,2024-07-09 05:14:40,25.97,79.30,42
954,t2g3:105,t2g3,25.99;79.69;42,2024-07-09 05:29:41,25.99,79.69,42
955,t2g3:105,t2g3,26.01;79.80;42,2024-07-09 05:44:41,26.01,79.80,42
956,t2g3:105,t2g3,26.01;80.32;42,2024-07-09 05:59:42,26.01,80.32,42
957,t2g3:105,t2g3,26.04;80.13;42,2024-07-09 06:14:43,26.04,80.13,42
958,t2g3:105,t2g3,26.05;80.27;42,2024-07-09 06:29:44,26.05,80.27,42
959,t2g3:105,t2g3,25.62;76.04;42,2024-07-09 06:44:44,25.62,76.04,42
960,t2g3:105,t2g3,25.13;73.82;42,2024-07-09 06:59:45,25.13,73.82,42
961,t2g3:105,t2g3,24.76;72.48;42,2024-07-09 07:14:46,24.76,72.48,42
962,t2g3:105,t2g3,24.49;70.65;42,2024-07-09 07:29:46,24.49,70.65,42
963,t2g3:105,t2g3,24.23;68.87;42,2024-07-09 07:44:47,24.23,68.87,42
964,t2g3:105,t2g3,23.91;66.71;42,2024-07-09 07:59:48,23.91,66.71,42
965,t2g3:105,t2g3,23.58;64.90;42,2024-07-09 08:14:48,23.58,64.90,42
966,t2g3:105,t2g3,23.31;63.81;42,2024-07-09 08:29:49,23.31,63.81,42
967,t2g3:105,t2g3,23.17;62.99;42,2024-07-09 08:44:50,23.17,62.99,42
968,t2g3:105,t2g3,23.10;64.38;42,2024-07-09 08:59:51,23.10,64.38,42
969,t2g3:105,t2g3,23.12;64.91;42,2024-07-09 09:14:51,23.12,64.91,42
970,t2g3:105,t2g3,23.09;63.84;42,2024-07-09 09:29:52,23.09,63.84,42
971,t2g3:105,t2g3,23.09;64.25;42,2024-07-09 09:44:53,23.09,64.25,42
972,t2g3:105,t2g3,23.10;64.02;42,2024-07-09 09:59:54,23.10,64.02,42
973,t2g3:105,t2g3,23.10;63.99;42,2024-07-09 10:14:54,23.10,63.99,42
974,t2g3:105,t2g3,23.09;65.29;42,2024-07-09 10:29:55,23.09,65.29,42
975,t2g3:105,t2g3,23.06;64.78;42,2024-07-09 10:44:56,23.06,64.78,42
976,t2g3:105,t2g3,23.06;63.98;42,2024-07-09 10:59:56,23.06,63.98,42
977,t2g3:105,t2g3,23.13;64.98;42,2024-07-09 11:14:57,23.13,64.98,42
978,t2g3:105,t2g3,23.07;64.46;42,2024-07-09 11:29:58,23.07,64.46,42
979,t2g3:105,t2g3,23.13;64.32;42,2024-07-09 11:44:59,23.13,64.32,42
980,t2g3:105,t2g3,23.17;64.73;42,2024-07-09 12:00:00,23.17,64.73,42
981,t2g3:105,t2g3,23.20;64.71;42,2024-07-09 12:15:00,23.20,64.71,42
982,t2g3:105,t2g3,23.24;64.58;42,2024-07-09 12:30:01,23.24,64.58,42
983,t2g3:105,t2g3,23.29;64.85;42,2024-07-09 12:45:02,23.29,64.85,42
984,t2g3:105,t2g3,23.13;63.76;42,2024-07-09 13:00:03,23.13,63.76,42
985,t2g3:105,t2g3,23.20;64.87;42,2024-07-09 13:15:04,23.20,64.87,42
986,t2g3:105,t2g3,23.09;65.49;42,2024-07-09 13:30:04,23.09,65.49,42
987,t2g3:105,t2g3,23.10;66.60;42,2024-07-09 13:45:05,23.10,66.60,42
988,t2g3:105,t2g3,23.06;65.90;42,2024-07-09 14:00:06,23.06,65.90,42
989,t2g3:105,t2g3,23.06;66.22;42,2024-07-09 14:15:07,23.06,66.22,42
990,t2g3:105,t2g3,22.99;66.11;42,2024-07-09 14:30:08,22.99,66.11,42
991,t2g3:105,t2g3,23.02;67.17;42,2024-07-09 14:45:08,23.02,67.17,42
992,t2g3:105,t2g3,23.05;67.26;42,2024-07-09 15:00:09,23.05,67.26,42
993,t2g3:105,t2g3,23.16;66.09;42,2024-07-09 15:15:10,23.16,66.09,42
994,t2g3:105,t2g3,23.33;66.17;42,2024-07-09 15:30:11,23.33,66.17,42
995,t2g3:105,t2g3,23.60;66.46;42,2024-07-09 15:45:11,23.60,66.46,42
996,t2g3:105,t2g3,23.81;66.05;42,2024-07-09 16:00:12,23.81,66.05,42
997,t2g3:105,t2g3,23.89;67.00;42,2024-07-09 16:15:13,23.89,67.00,42
998,t2g3:105,t2g3,23.84;66.89;42,2024-07-09 16:30:14,23.84,66.89,42
999,t2g3:105,t2g3,23.77;66.80;42,2024-07-09 16:45:15,23.77,66.80,42
1000,t2g3:105,t2g3,23.75;66.69;42,2024-07-09 17:00:15,23.75,66.69,42
1001,t2g3:105,t2g3,23.72;66.45;42,2024-07-09 17:15:16,23.72,66.45,42
1002,t2g3:105,t2g3,23.82;66.21;42,2024-07-09 17:30:17,23.82,66.21,42
1003,t2g3:105,t2g3,23.91;66.15;42,2024-07-09 17:45:17,23.91,66.15,42
1004,t2g3:105,t2g3,24.05;65.32;42,2024-07-09 18:00:18,24.05,65.32,42
1005,t2g3:105,t2g3,24.08;66.18;42,2024-07-09 18:15:19,24.08,66.18,42
1006,t2g3:105,t2g3,24.09;66.36;42,2024-07-09 18:30:20,24.09,66.36,42
1007,t2g3:105,t2g3,23.97;66.27;42,2024-07-09 18:45:20,23.97,66.27,42
1008,t2g3:105,t2g3,23.87;65.53;42,2024-07-09 19:00:21,23.87,65.53,42
1009,t2g3:105,t2g3,24.30;64.85;42,2024-07-09 19:15:22,24.30,64.85,42
1010,t2g3:105,t2g3,24.57;65.04;42,2024-07-09 19:30:22,24.57,65.04,42
1011,t2g3:105,t2g3,24.73;65.27;42,2024-07-09 19:45:23,24.73,65.27,42
1012,t2g3:105,t2g3,24.84;65.54;42,2024-07-09 20:00:24,24.84,65.54,42
1013,t2g3:105,t2g3,24.91;65.88;42,2024-07-09 20:15:25,24.91,65.88,42
1014,t2g3:105,t2g3,25.03;67.17;42,2024-07-09 20:30:25,25.03,67.17,42
1015,t2g3:105,t2g3,25.07;67.68;42,2024-07-09 20:45:26,25.07,67.68,42
1016,t2g3:105,t2g3,25.11;68.35;42,2024-07-09 21:00:27,25.11,68.35,42
1017,t2g3:105,t2g3,25.17;69.32;42,2024-07-09 21:15:27,25.17,69.32,42
1018,t2g3:105,t2g3,25.21;69.70;42,2024-07-09 21:30:28,25.21,69.70,42
1019,t2g3:105,t2g3,25.28;70.19;42,2024-07-09 21:45:29,25.28,70.19,42
1020,t2g3:105,t2g3,25.29;70.74;42,2024-07-09 22:00:30,25.29,70.74,42
1021,t2g3:105,t2g3,25.35;71.28;42,2024-07-09 22:15:30,25.35,71.28,42
1022,t2g3:105,t2g3,25.39;71.80;42,2024-07-09 22:30:31,25.39,71.80,42
1023,t2g3:105,t2g3,25.41;72.25;42,2024-07-09 22:45:31,25.41,72.25,42
1024,t2g3:105,t2g3,25.45;72.21;42,2024-07-09 23:00:32,25.45,72.21,42
1025,t2g3:105,t2g3,25.48;72.48;42,2024-07-09 23:15:33,25.48,72.48,42
1026,t2g3:105,t2g3,25.49;72.32;42,2024-07-09 23:30:34,25.49,72.32,42
1027,t2g3:105,t2g3,25.53;72.73;42,2024-07-09 23:45:34,25.53,72.73,42
1028,t2g3:105,t2g3,25.53;73.22;42,2024-07-10 00:00:35,25.53,73.22,42
1029,t2g3:105,t2g3,25.55;73.83;42,2024-07-10 00:15:36,25.55,73.83,42
1030,t2g3:105,t2g3,25.58;74.00;42,2024-07-10 00:30:37,25.58,74.00,42
1031,t2g3:105,t2g3,25.62;74.30;42,2024-07-10 00:45:37,25.62,74.30,42
1032,t2g3:105,t2g3,25.61;74.61;42,2024-07-10 01:00:38,25.61,74.61,42
1033,t2g3:105,t2g3,25.66;75.02;42,2024-07-10 01:15:39,25.66,75.02,42
1034,t2g3:105,t2g3,25.69;75.86;42,2024-07-10 01:30:39,25.69,75.86,42
1035,t2g3:105,t2g3,25.69;75.98;42,2024-07-10 01:45:40,25.69,75.98,42
1036,t2g3:105,t2g3,25.70;76.75;42,2024-07-10 02:00:41,25.70,76.75,42
1037,t2g3:105,t2g3,25.72;76.78;42,2024-07-10 02:15:41,25.72,76.78,42
1038,t2g3:105,t2g3,25.73;76.60;42,2024-07-10 02:30:42,25.73,76.60,42
1039,t2g3:105,t2g3,25.79;76.51;42,2024-07-10 02:45:43,25.79,76.51,42
1040,t2g3:105,t2g3,25.79;76.93;42,2024-07-10 03:00:43,25.79,76.93,42
1041,t2g3:105,t2g3,25.77;77.01;42,2024-07-10 03:15:44,25.77,77.01,42
1042,t2g3:105,t2g3,25.83;77.27;42,2024-07-10 03:30:45,25.83,77.27,42
1043,t2g3:105,t2g3,25.82;77.24;42,2024-07-10 03:45:45,25.82,77.24,42
1044,t2g3:105,t2g3,25.83;77.40;42,2024-07-10 04:00:46,25.83,77.40,42
1045,t2g3:105,t2g3,25.83;77.70;42,2024-07-10 04:15:47,25.83,77.70,42
1046,t2g3:105,t2g3,25.86;78.14;42,2024-07-10 04:30:47,25.86,78.14,42
1047,t2g3:105,t2g3,25.87;78.32;42,2024-07-10 04:45:48,25.87,78.32,42
1048,t2g3:105,t2g3,25.86;78.55;42,2024-07-10 05:00:49,25.86,78.55,42
1049,t2g3:105,t2g3,25.89;79.04;42,2024-07-10 05:15:50,25.89,79.04,42
1050,t2g3:105,t2g3,25.89;79.14;42,2024-07-10 05:30:50,25.89,79.14,42
1051,t2g3:105,t2g3,25.90;79.28;42,2024-07-10 05:45:51,25.90,79.28,42
1052,t2g3:105,t2g3,25.93;79.49;42,2024-07-10 06:00:52,25.93,79.49,42
1053,t2g3:105,t2g3,25.92;79.65;42,2024-07-10 06:15:52,25.92,79.65,42
1054,t2g3:105,t2g3,25.93;79.76;42,2024-07-10 06:30:53,25.93,79.76,42
1055,t2g3:105,t2g3,25.49;75.48;42,2024-07-10 06:45:54,25.49,75.48,42
1056,t2g3:105,t2g3,24.94;73.14;42,2024-07-10 07:00:55,24.94,73.14,42
1057,t2g3:105,t2g3,24.64;71.69;42,2024-07-10 07:15:55,24.64,71.69,42
1058,t2g3:105,t2g3,24.32;69.85;42,2024-07-10 07:30:56,24.32,69.85,42
1059,t2g3:105,t2g3,24.05;68.22;42,2024-07-10 07:45:57,24.05,68.22,42
1060,t2g3:105,t2g3,23.77;65.94;42,2024-07-10 08:00:58,23.77,65.94,42
1061,t2g3:105,t2g3,23.41;64.45;42,2024-07-10 08:15:58,23.41,64.45,42
1062,t2g3:105,t2g3,23.26;63.60;42,2024-07-10 08:30:59,23.26,63.60,42
1063,t2g3:105,t2g3,23.10;62.92;42,2024-07-10 08:46:00,23.10,62.92,42
1064,t2g3:105,t2g3,22.98;62.58;42,2024-07-10 09:01:01,22.98,62.58,42
1065,t2g3:105,t2g3,22.96;62.24;42,2024-07-10 09:16:01,22.96,62.24,42
1066,t2g3:105,t2g3,22.92;62.36;42,2024-07-10 09:31:02,22.92,62.36,42
1067,t2g3:105,t2g3,22.93;62.21;42,2024-07-10 09:46:03,22.93,62.21,42
1068,t2g3:105,t2g3,22.99;61.82;42,2024-07-10 10:01:04,22.99,61.82,42
1069,t2g3:105,t2g3,22.99;62.04;42,2024-07-10 10:16:05,22.99,62.04,42
1070,t2g3:105,t2g3,23.01;61.92;42,2024-07-10 10:31:06,23.01,61.92,42
1071,t2g3:105,t2g3,23.07;62.52;42,2024-07-10 10:46:06,23.07,62.52,42
1072,t2g3:105,t2g3,22.98;62.46;42,2024-07-10 11:01:07,22.98,62.46,42
1073,t2g3:105,t2g3,22.99;63.92;42,2024-07-10 11:16:08,22.99,63.92,42
1074,t2g3:105,t2g3,23.16;63.93;42,2024-07-10 11:31:09,23.16,63.93,42
1075,t2g3:105,t2g3,23.23;64.63;42,2024-07-10 11:46:10,23.23,64.63,42
1076,t2g3:105,t2g3,23.41;64.85;42,2024-07-10 12:01:11,23.41,64.85,42
1077,t2g3:105,t2g3,23.54;65.13;42,2024-07-10 12:16:11,23.54,65.13,42
1078,t2g3:105,t2g3,23.64;63.89;42,2024-07-10 12:31:12,23.64,63.89,42
1079,t2g3:105,t2g3,23.67;64.34;42,2024-07-10 12:46:13,23.67,64.34,42
1080,t2g3:105,t2g3,23.72;63.54;42,2024-07-10 13:01:14,23.72,63.54,42
1081,t2g3:105,t2g3,23.81;63.72;42,2024-07-10 13:16:15,23.81,63.72,42
1082,t2g3:105,t2g3,23.80;64.49;42,2024-07-10 13:31:15,23.80,64.49,42
1083,t2g3:105,t2g3,23.77;63.63;42,2024-07-10 13:46:16,23.77,63.63,42
1084,t2g3:105,t2g3,23.78;63.44;42,2024-07-10 14:01:17,23.78,63.44,42
1085,t2g3:105,t2g3,23.80;63.60;42,2024-07-10 14:16:18,23.80,63.60,42
1086,t2g3:105,t2g3,23.85;64.45;42,2024-07-10 14:31:19,23.85,64.45,42
1087,t2g3:105,t2g3,23.98;63.87;42,2024-07-10 14:46:19,23.98,63.87,42
1088,t2g3:105,t2g3,23.97;63.46;42,2024-07-10 15:01:20,23.97,63.46,42
1089,t2g3:105,t2g3,24.02;63.60;42,2024-07-10 15:16:21,24.02,63.60,42
1090,t2g3:105,t2g3,24.11;63.11;42,2024-07-10 15:31:22,24.11,63.11,42
1091,t2g3:105,t2g3,24.20;64.28;42,2024-07-10 15:46:23,24.20,64.28,42
1092,t2g3:105,t2g3,24.39;63.70;42,2024-07-10 16:01:24,24.39,63.70,42
1093,t2g3:105,t2g3,24.47;64.21;42,2024-07-10 16:16:24,24.47,64.21,42
1094,t2g3:105,t2g3,24.42;64.60;42,2024-07-10 16:31:25,24.42,64.60,42
1095,t2g3:105,t2g3,24.32;64.35;42,2024-07-10 16:46:26,24.32,64.35,42
1096,t2g3:105,t2g3,24.20;64.04;42,2024-07-10 17:01:27,24.20,64.04,42
1097,t2g3:105,t2g3,24.20;64.39;42,2024-07-10 17:16:27,24.20,64.39,42
1098,t2g3:105,t2g3,24.19;64.55;42,2024-07-10 17:31:28,24.19,64.55,42
1099,t2g3:105,t2g3,24.12;64.10;42,2024-07-10 17:46:29,24.12,64.10,42
1100,t2g3:105,t2g3,24.11;63.82;42,2024-07-10 18:01:30,24.11,63.82,42
1101,t2g3:105,t2g3,23.95;63.66;42,2024-07-10 18:16:31,23.95,63.66,42
1102,t2g3:105,t2g3,23.78;63.57;42,2024-07-10 18:31:31,23.78,63.57,42
1103,t2g3:105,t2g3,23.61;63.97;42,2024-07-10 18:46:32,23.61,63.97,42
1104,t2g3:105,t2g3,23.49;63.33;42,2024-07-10 19:01:33,23.49,63.33,42
1105,t2g3:105,t2g3,24.11;63.30;42,2024-07-10 19:16:34,24.11,63.30,42
1106,t2g3:105,t2g3,24.43;65.09;42,2024-07-10 19:31:34,24.43,65.09,42
1107,t2g3:105,t2g3,24.64;65.77;42,2024-07-10 19:46:35,24.64,65.77,42
1108,t2g3:105,t2g3,24.76;66.03;42,2024-07-10 20:01:36,24.76,66.03,42
1109,t2g3:105,t2g3,24.88;67.62;42,2024-07-10 20:16:37,24.88,67.62,42
1110,t2g3:105,t2g3,24.91;68.95;42,2024-07-10 20:31:37,24.91,68.95,42
1111,t2g3:105,t2g3,25.01;68.59;42,2024-07-10 20:46:38,25.01,68.59,42
1112,t2g3:105,t2g3,25.10;69.50;42,2024-07-10 21:01:39,25.10,69.50,42
1113,t2g3:105,t2g3,25.14;70.59;42,2024-07-10 21:16:40,25.14,70.59,42
1114,t2g3:105,t2g3,25.22;70.43;42,2024-07-10 21:31:41,25.22,70.43,42
1115,t2g3:105,t2g3,25.28;71.02;42,2024-07-10 21:46:41,25.28,71.02,42
1116,t2g3:105,t2g3,25.29;71.23;42,2024-07-10 22:01:42,25.29,71.23,42
1117,t2g3:105,t2g3,25.35;72.11;42,2024-07-10 22:16:43,25.35,72.11,42
1118,t2g3:105,t2g3,25.38;72.74;42,2024-07-10 22:31:44,25.38,72.74,42
1119,t2g3:105,t2g3,25.42;73.16;42,2024-07-10 22:46:44,25.42,73.16,42
1120,t2g3:105,t2g3,25.48;73.57;42,2024-07-10 23:01:45,25.48,73.57,42
1121,t2g3:105,t2g3,25.52;73.37;42,2024-07-10 23:16:46,25.52,73.37,42
1122,t2g3:105,t2g3,25.52;73.61;42,2024-07-10 23:31:47,25.52,73.61,42
1123,t2g3:105,t2g3,25.58;74.05;42,2024-07-10 23:46:47,25.58,74.05,42
1124,t2g3:105,t2g3,25.59;73.91;42,2024-07-11 00:01:48,25.59,73.91,42
1125,t2g3:105,t2g3,25.61;74.15;42,2024-07-11 00:16:49,25.61,74.15,42
1126,t2g3:105,t2g3,25.62;74.37;42,2024-07-11 00:31:50,25.62,74.37,42
1127,t2g3:105,t2g3,25.66;74.33;42,2024-07-11 00:46:50,25.66,74.33,42
1128,t2g3:105,t2g3,25.69;75.01;42,2024-07-11 01:01:51,25.69,75.01,42
1129,t2g3:105,t2g3,25.73;75.53;42,2024-07-11 01:16:52,25.73,75.53,42
1130,t2g3:105,t2g3,25.77;76.30;42,2024-07-11 01:31:53,25.77,76.30,42
1131,t2g3:105,t2g3,25.77;76.67;42,2024-07-11 01:46:53,25.77,76.67,42
1132,t2g3:105,t2g3,25.77;77.37;42,2024-07-11 02:01:54,25.77,77.37,42
1133,t2g3:105,t2g3,25.80;77.12;42,2024-07-11 02:16:55,25.80,77.12,42
1134,t2g3:105,t2g3,25.83;77.08;42,2024-07-11 02:31:56,25.83,77.08,42
1135,t2g3:105,t2g3,25.86;77.40;42,2024-07-11 02:46:56,25.86,77.40,42
1136,t2g3:105,t2g3,25.87;78.00;42,2024-07-11 03:01:57,25.87,78.00,42
1137,t2g3:105,t2g3,25.90;78.26;42,2024-07-11 03:16:58,25.90,78.26,42
1138,t2g3:105,t2g3,25.92;78.73;42,2024-07-11 03:31:58,25.92,78.73,42
1139,t2g3:105,t2g3,25.93;78.64;42,2024-07-11 03:46:59,25.93,78.64,42
1140,t2g3:105,t2g3,25.94;78.27;42,2024-07-11 04:02:00,25.94,78.27,42
1141,t2g3:105,t2g3,25.94;78.01;42,2024-07-11 04:17:01,25.94,78.01,42
1142,t2g3:105,t2g3,25.92;77.98;42,2024-07-11 04:32:01,25.92,77.98,42
1143,t2g3:105,t2g3,25.96;78.12;42,2024-07-11 04:47:02,25.96,78.12,42
1144,t2g3:105,t2g3,25.97;78.44;42,2024-07-11 05:02:03,25.97,78.44,42
1145,t2g3:105,t2g3,26.01;78.67;42,2024-07-11 05:17:04,26.01,78.67,42
1146,t2g3:105,t2g3,26.01;78.83;42,2024-07-11 05:32:05,26.01,78.83,42
1147,t2g3:105,t2g3,26.05;79.33;42,2024-07-11 05:47:06,26.05,79.33,42
1148,t2g3:105,t2g3,26.05;79.51;42,2024-07-11 06:02:06,26.05,79.51,42
1149,t2g3:105,t2g3,26.04;79.40;42,2024-07-11 06:17:07,26.04,79.40,42
1150,t2g3:105,t2g3,26.05;79.39;42,2024-07-11 06:32:08,26.05,79.39,42
1151,t2g3:105,t2g3,25.62;75.01;42,2024-07-11 06:47:08,25.62,75.01,42
1152,t2g3:105,t2g3,25.19;72.94;42,2024-07-11 07:02:09,25.19,72.94,42
1153,t2g3:105,t2g3,24.86;71.62;42,2024-07-11 07:17:10,24.86,71.62,42
1154,t2g3:105,t2g3,24.55;69.72;42,2024-07-11 07:32:11,24.55,69.72,42
1155,t2g3:105,t2g3,24.29;68.20;42,2024-07-11 07:47:12,24.29,68.20,42
1156,t2g3:105,t2g3,23.98;66.16;42,2024-07-11 08:02:13,23.98,66.16,42
1157,t2g3:105,t2g3,23.71;64.54;42,2024-07-11 08:17:13,23.71,64.54,42
1158,t2g3:105,t2g3,23.50;63.54;42,2024-07-11 08:32:14,23.50,63.54,42
1159,t2g3:105,t2g3,23.36;63.16;42,2024-07-11 08:47:15,23.36,63.16,42
1160,t2g3:105,t2g3,23.29;62.56;42,2024-07-11 09:02:16,23.29,62.56,42
1161,t2g3:105,t2g3,23.19;62.49;42,2024-07-11 09:17:17,23.19,62.49,42
1162,t2g3:105,t2g3,23.13;62.12;42,2024-07-11 09:32:18,23.13,62.12,42
1163,t2g3:105,t2g3,23.09;62.03;42,2024-07-11 09:47:18,23.09,62.03,42
1164,t2g3:105,t2g3,23.13;61.93;42,2024-07-11 10:02:19,23.13,61.93,42
1165,t2g3:105,t2g3,23.12;62.13;42,2024-07-11 10:17:20,23.12,62.13,42
1166,t2g3:105,t2g3,23.12;62.07;42,2024-07-11 10:32:21,23.12,62.07,42
1167,t2g3:105,t2g3,23.17;62.05;42,2024-07-11 10:47:22,23.17,62.05,42
1168,t2g3:105,t2g3,23.22;62.34;42,2024-07-11 11:02:23,23.22,62.34,42
1169,t2g3:105,t2g3,23.26;62.45;42,2024-07-11 11:17:24,23.26,62.45,42
1170,t2g3:105,t2g3,23.24;62.29;42,2024-07-11 11:32:24,23.24,62.29,42
1171,t2g3:105,t2g3,23.30;62.26;42,2024-07-11 11:47:25,23.30,62.26,42
1172,t2g3:105,t2g3,23.31;62.44;42,2024-07-11 12:02:26,23.31,62.44,42
1173,t2g3:105,t2g3,23.33;62.45;42,2024-07-11 12:17:27,23.33,62.45,42
1174,t2g3:105,t2g3,23.36;62.32;42,2024-07-11 12:32:28,23.36,62.32,42
1175,t2g3:105,t2g3,23.46;62.40;42,2024-07-11 12:47:29,23.46,62.40,42
1176,t2g3:105,t2g3,23.51;62.26;42,2024-07-11 13:02:29,23.51,62.26,42
1177,t2g3:105,t2g3,23.61;61.81;42,2024-07-11 13:17:30,23.61,61.81,42
1178,t2g3:105,t2g3,23.62;61.92;42,2024-07-11 13:32:31,23.62,61.92,42
1179,t2g3:105,t2g3,23.64;62.42;42,2024-07-11 13:47:32,23.64,62.42,42
1180,t2g3:105,t2g3,23.71;62.74;42,2024-07-11 14:02:32,23.71,62.74,42
1181,t2g3:105,t2g3,23.70;62.48;42,2024-07-11 14:17:33,23.70,62.48,42
1182,t2g3:105,t2g3,23.71;62.57;42,2024-07-11 14:32:34,23.71,62.57,42
1183,t2g3:105,t2g3,23.85;63.00;42,2024-07-11 14:47:35,23.85,63.00,42
1184,t2g3:105,t2g3,23.98;63.28;42,2024-07-11 15:02:35,23.98,63.28,42
1185,t2g3:105,t2g3,24.02;63.85;42,2024-07-11 15:17:36,24.02,63.85,42
1186,t2g3:105,t2g3,24.05;63.76;42,2024-07-11 15:32:37,24.05,63.76,42
1187,t2g3:105,t2g3,24.05;63.74;42,2024-07-11 15:47:38,24.05,63.74,42
1188,t2g3:105,t2g3,24.12;63.99;42,2024-07-11 16:02:39,24.12,63.99,42
1189,t2g3:105,t2g3,24.38;63.50;42,2024-07-11 16:17:39,24.38,63.50,42
1190,t2g3:105,t2g3,24.30;64.04;42,2024-07-11 16:32:40,24.30,64.04,42
1191,t2g3:105,t2g3,24.42;64.19;42,2024-07-11 16:47:41,24.42,64.19,42
1192,t2g3:105,t2g3,24.50;64.21;42,2024-07-11 17:02:42,24.50,64.21,42
1193,t2g3:105,t2g3,24.44;64.34;42,2024-07-11 17:17:42,24.44,64.34,42
1194,t2g3:105,t2g3,24.42;64.34;42,2024-07-11 17:32:43,24.42,64.34,42
1195,t2g3:105,t2g3,24.38;64.25;42,2024-07-11 17:47:44,24.38,64.25,42
1196,t2g3:105,t2g3,24.29;64.05;42,2024-07-11 18:02:45,24.29,64.05,42
1197,t2g3:105,t2g3,24.08;63.33;42,2024-07-11 18:17:45,24.08,63.33,42
1198,t2g3:105,t2g3,23.94;64.10;42,2024-07-11 18:32:46,23.94,64.10,42
1199,t2g3:105,t2g3,23.84;63.64;42,2024-07-11 18:47:47,23.84,63.64,42
1200,t2g3:105,t2g3,23.75;63.76;42,2024-07-11 19:02:47,23.75,63.76,42
1201,t2g3:105,t2g3,24.33;63.53;42,2024-07-11 19:17:48,24.33,63.53,42
1202,t2g3:105,t2g3,24.62;65.24;42,2024-07-11 19:32:49,24.62,65.24,42
1203,t2g3:105,t2g3,24.78;65.38;42,2024-07-11 19:47:50,24.78,65.38,42
1204,t2g3:105,t2g3,24.90;65.63;42,2024-07-11 20:02:51,24.90,65.63,42
1205,t2g3:105,t2g3,25.03;65.60;42,2024-07-11 20:17:51,25.03,65.60,42
1206,t2g3:105,t2g3,25.13;66.08;42,2024-07-11 20:32:52,25.13,66.08,42
1207,t2g3:105,t2g3,25.21;66.68;42,2024-07-11 20:47:53,25.21,66.68,42
1208,t2g3:105,t2g3,25.25;67.85;42,2024-07-11 21:02:54,25.25,67.85,42
1209,t2g3:105,t2g3,25.28;68.71;42,2024-07-11 21:17:54,25.28,68.71,42
1210,t2g3:105,t2g3,25.35;69.92;42,2024-07-11 21:32:55,25.35,69.92,42
1211,t2g3:105,t2g3,25.42;70.73;42,2024-07-11 21:47:56,25.42,70.73,42
1212,t2g3:105,t2g3,25.48;71.05;42,2024-07-11 22:02:57,25.48,71.05,42
1213,t2g3:105,t2g3,25.52;71.95;42,2024-07-11 22:17:57,25.52,71.95,42
1214,t2g3:105,t2g3,25.59;72.56;42,2024-07-11 22:32:58,25.59,72.56,42
1215,t2g3:105,t2g3,25.55;73.69;42,2024-07-11 22:47:59,25.55,73.69,42
1216,t2g3:105,t2g3,25.62;73.70;42,2024-07-11 23:03:00,25.62,73.70,42
1217,t2g3:105,t2g3,25.65;74.03;42,2024-07-11 23:18:01,25.65,74.03,42
1218,t2g3:105,t2g3,25.70;74.64;42,2024-07-11 23:33:02,25.70,74.64,42
1219,t2g3:105,t2g3,25.75;74.52;42,2024-07-11 23:48:02,25.75,74.52,42
1220,t2g3:105,t2g3,25.72;75.08;42,2024-07-12 00:03:03,25.72,75.08,42
1221,t2g3:105,t2g3,25.77;75.53;42,2024-07-12 00:18:04,25.77,75.53,42
1222,t2g3:105,t2g3,25.79;75.46;42,2024-07-12 00:33:05,25.79,75.46,42
1223,t2g3:105,t2g3,25.80;75.79;42,2024-07-12 00:48:05,25.80,75.79,42
1224,t2g3:105,t2g3,25.82;75.98;42,2024-07-12 01:03:06,25.82,75.98,42
1225,t2g3:105,t2g3,25.86;76.30;42,2024-07-12 01:18:07,25.86,76.30,42
1226,t2g3:105,t2g3,25.86;76.63;42,2024-07-12 01:33:08,25.86,76.63,42
1227,t2g3:105,t2g3,25.92;76.67;42,2024-07-12 01:48:09,25.92,76.67,42
1228,t2g3:105,t2g3,25.99;76.84;42,2024-07-12 02:03:10,25.99,76.84,42
1229,t2g3:105,t2g3,25.92;77.07;42,2024-07-12 02:18:10,25.92,77.07,42
1230,t2g3:105,t2g3,25.97;77.23;42,2024-07-12 02:33:11,25.97,77.23,42
1231,t2g3:105,t2g3,25.99;77.45;42,2024-07-12 02:48:12,25.99,77.45,42
1232,t2g3:105,t2g3,25.99;77.24;42,2024-07-12 03:03:13,25.99,77.24,42
1233,t2g3:105,t2g3,25.99;77.33;42,2024-07-12 03:18:14,25.99,77.33,42
1234,t2g3:105,t2g3,25.97;77.17;42,2024-07-12 03:33:15,25.97,77.17,42
1235,t2g3:105,t2g3,25.99;77.17;42,2024-07-12 03:48:15,25.99,77.17,42
1236,t2g3:105,t2g3,26.00;77.10;42,2024-07-12 04:03:16,26.00,77.10,42
1237,t2g3:105,t2g3,26.00;77.17;42,2024-07-12 04:18:17,26.00,77.17,42
1238,t2g3:105,t2g3,26.03;77.25;42,2024-07-12 04:33:18,26.03,77.25,42
1239,t2g3:105,t2g3,26.05;77.61;42,2024-07-12 04:48:19,26.05,77.61,42
1240,t2g3:105,t2g3,26.07;77.85;42,2024-07-12 05:03:19,26.07,77.85,42
1241,t2g3:105,t2g3,26.05;77.91;42,2024-07-12 05:18:20,26.05,77.91,42
1242,t2g3:105,t2g3,26.08;78.04;42,2024-07-12 05:33:21,26.08,78.04,42
1243,t2g3:105,t2g3,26.08;78.43;42,2024-07-12 05:48:21,26.08,78.43,42
1244,t2g3:105,t2g3,26.13;78.51;42,2024-07-12 06:03:22,26.13,78.51,42
1245,t2g3:105,t2g3,26.13;78.56;42,2024-07-12 06:18:23,26.13,78.56,42
1246,t2g3:105,t2g3,26.13;77.69;42,2024-07-12 06:33:24,26.13,77.69,42
1247,t2g3:105,t2g3,25.66;74.34;42,2024-07-12 06:48:24,25.66,74.34,42
1248,t2g3:105,t2g3,25.28;72.71;42,2024-07-12 07:03:25,25.28,72.71,42
1249,t2g3:105,t2g3,24.94;71.52;42,2024-07-12 07:18:26,24.94,71.52,42
1250,t2g3:105,t2g3,24.68;69.87;42,2024-07-12 07:33:26,24.68,69.87,42
1251,t2g3:105,t2g3,24.42;68.20;42,2024-07-12 07:48:27,24.42,68.20,42
1252,t2g3:105,t2g3,24.12;66.63;42,2024-07-12 08:03:27,24.12,66.63,42
1253,t2g3:105,t2g3,23.88;64.87;42,2024-07-12 08:18:28,23.88,64.87,42
1254,t2g3:105,t2g3,23.62;63.91;42,2024-07-12 08:33:29,23.62,63.91,42
1255,t2g3:105,t2g3,23.47;63.04;42,2024-07-12 08:48:30,23.47,63.04,42
1256,t2g3:105,t2g3,23.41;62.69;42,2024-07-12 09:03:30,23.41,62.69,42
1257,t2g3:105,t2g3,23.31;62.42;42,2024-07-12 09:18:31,23.31,62.42,42
1258,t2g3:105,t2g3,23.26;62.30;42,2024-07-12 09:33:32,23.26,62.30,42
1259,t2g3:105,t2g3,23.20;61.99;42,2024-07-12 09:48:32,23.20,61.99,42
1260,t2g3:105,t2g3,23.09;61.89;42,2024-07-12 10:03:33,23.09,61.89,42
1261,t2g3:105,t2g3,23.07;61.86;42,2024-07-12 10:18:34,23.07,61.86,42
1262,t2g3:105,t2g3,23.09;61.76;42,2024-07-12 10:33:35,23.09,61.76,42
1263,t2g3:105,t2g3,23.14;61.63;42,2024-07-12 10:48:35,23.14,61.63,42
1264,t2g3:105,t2g3,23.14;61.70;42,2024-07-12 11:03:36,23.14,61.70,42
1265,t2g3:105,t2g3,23.20;61.69;42,2024-07-12 11:18:37,23.20,61.69,42
1266,t2g3:105,t2g3,23.20;61.48;42,2024-07-12 11:33:38,23.20,61.48,42
1267,t2g3:105,t2g3,23.19;62.12;42,2024-07-12 11:48:38,23.19,62.12,42
1268,t2g3:105,t2g3,23.29;62.88;42,2024-07-12 12:03:39,23.29,62.88,42
1269,t2g3:105,t2g3,23.41;63.15;42,2024-07-12 12:18:40,23.41,63.15,42
1270,t2g3:105,t2g3,23.51;63.05;42,2024-07-12 12:33:41,23.51,63.05,42
1271,t2g3:105,t2g3,23.61;64.12;42,2024-07-12 12:48:41,23.61,64.12,42
1272,t2g3:105,t2g3,23.64;64.49;42,2024-07-12 13:03:42,23.64,64.49,42
1273,t2g3:105,t2g3,23.65;63.52;42,2024-07-12 13:18:43,23.65,63.52,42
1274,t2g3:105,t2g3,23.57;63.87;42,2024-07-12 13:33:44,23.57,63.87,42
1275,t2g3:105,t2g3,23.47;63.52;42,2024-07-12 13:48:45,23.47,63.52,42
1276,t2g3:105,t2g3,23.29;63.59;42,2024-07-12 14:03:46,23.29,63.59,42
1277,t2g3:105,t2g3,23.17;64.36;42,2024-07-12 14:18:46,23.17,64.36,42
1278,t2g3:105,t2g3,23.09;64.58;42,2024-07-12 14:33:47,23.09,64.58,42
1279,t2g3:105,t2g3,22.93;65.38;42,2024-07-12 14:48:48,22.93,65.38,42
1280,t2g3:105,t2g3,22.98;64.89;42,2024-07-12 15:03:49,22.98,64.89,42
1281,t2g3:105,t2g3,22.88;65.50;42,2024-07-12 15:18:50,22.88,65.50,42
1282,t2g3:105,t2g3,22.82;65.90;42,2024-07-12 15:33:50,22.82,65.90,42
1283,t2g3:105,t2g3,22.71;65.06;42,2024-07-12 15:48:51,22.71,65.06,42
1284,t2g3:105,t2g3,22.65;64.98;42,2024-07-12 16:03:52,22.65,64.98,42
1285,t2g3:105,t2g3,22.59;64.68;42,2024-07-12 16:18:53,22.59,64.68,42
1286,t2g3:105,t2g3,22.52;64.88;42,2024-07-12 16:33:54,22.52,64.88,42
1287,t2g3:105,t2g3,22.45;64.90;42,2024-07-12 16:48:55,22.45,64.90,42
1288,t2g3:105,t2g3,22.43;65.00;42,2024-07-12 17:03:55,22.43,65.00,42
1289,t2g3:105,t2g3,22.40;65.08;42,2024-07-12 17:18:56,22.40,65.08,42
1290,t2g3:105,t2g3,22.35;65.03;42,2024-07-12 17:33:57,22.35,65.03,42
1291,t2g3:105,t2g3,22.31;65.05;42,2024-07-12 17:48:58,22.31,65.05,42
1292,t2g3:105,t2g3,22.27;65.30;42,2024-07-12 18:03:59,22.27,65.30,42
1293,t2g3:105,t2g3,22.25;65.54;42,2024-07-12 18:19:00,22.25,65.54,42
1294,t2g3:105,t2g3,22.21;65.84;42,2024-07-12 18:34:01,22.21,65.84,42
1295,t2g3:105,t2g3,22.17;65.93;42,2024-07-12 18:49:02,22.17,65.93,42
1296,t2g3:105,t2g3,22.24;65.39;42,2024-07-12 19:04:02,22.24,65.39,42
1297,t2g3:105,t2g3,22.79;63.75;42,2024-07-12 19:19:03,22.79,63.75,42
1298,t2g3:105,t2g3,23.07;62.99;42,2024-07-12 19:34:04,23.07,62.99,42
1299,t2g3:105,t2g3,23.29;62.54;42,2024-07-12 19:49:05,23.29,62.54,42
1300,t2g3:105,t2g3,23.46;62.09;42,2024-07-12 20:04:05,23.46,62.09,42
1301,t2g3:105,t2g3,23.57;64.13;42,2024-07-12 20:19:06,23.57,64.13,42
1302,t2g3:105,t2g3,23.72;65.95;42,2024-07-12 20:34:07,23.72,65.95,42
1303,t2g3:105,t2g3,23.82;68.04;42,2024-07-12 20:49:08,23.82,68.04,42
1304,t2g3:105,t2g3,23.91;68.39;42,2024-07-12 21:04:09,23.91,68.39,42
1305,t2g3:105,t2g3,23.98;68.06;42,2024-07-12 21:19:09,23.98,68.06,42
1306,t2g3:105,t2g3,24.08;68.75;42,2024-07-12 21:34:10,24.08,68.75,42
1307,t2g3:105,t2g3,24.12;69.15;42,2024-07-12 21:49:11,24.12,69.15,42
1308,t2g3:105,t2g3,24.18;70.90;42,2024-07-12 22:04:12,24.18,70.90,42
1309,t2g3:105,t2g3,24.25;72.20;42,2024-07-12 22:19:12,24.25,72.20,42
1310,t2g3:105,t2g3,24.28;73.36;42,2024-07-12 22:34:13,24.28,73.36,42
1311,t2g3:105,t2g3,24.33;74.07;42,2024-07-12 22:49:14,24.33,74.07,42
1312,t2g3:105,t2g3,24.38;74.59;42,2024-07-12 23:04:15,24.38,74.59,42
1313,t2g3:105,t2g3,24.44;75.01;42,2024-07-12 23:19:15,24.44,75.01,42
1314,t2g3:105,t2g3,24.46;75.58;42,2024-07-12 23:34:16,24.46,75.58,42
1315,t2g3:105,t2g3,24.49;75.93;42,2024-07-12 23:49:17,24.49,75.93,42
1316,t2g3:105,t2g3,24.53;76.58;42,2024-07-13 00:04:18,24.53,76.58,42
1317,t2g3:105,t2g3,24.57;77.07;42,2024-07-13 00:19:19,24.57,77.07,42
1318,t2g3:105,t2g3,24.63;77.95;42,2024-07-13 00:34:19,24.63,77.95,42
1319,t2g3:105,t2g3,24.67;78.44;42,2024-07-13 00:49:20,24.67,78.44,42
1320,t2g3:105,t2g3,24.68;78.46;42,2024-07-13 01:04:21,24.68,78.46,42
1321,t2g3:105,t2g3,24.76;79.09;42,2024-07-13 01:19:22,24.76,79.09,42
1322,t2g3:105,t2g3,24.78;79.41;42,2024-07-13 01:34:23,24.78,79.41,42
1323,t2g3:105,t2g3,24.81;79.87;42,2024-07-13 01:49:23,24.81,79.87,42
1324,t2g3:105,t2g3,24.84;79.93;42,2024-07-13 02:04:24,24.84,79.93,42
1325,t2g3:105,t2g3,24.86;80.43;42,2024-07-13 02:19:25,24.86,80.43,42
1326,t2g3:105,t2g3,24.91;80.12;42,2024-07-13 02:34:26,24.91,80.12,42
1327,t2g3:105,t2g3,24.91;80.12;42,2024-07-13 02:49:27,24.91,80.12,42
1328,t2g3:105,t2g3,24.91;80.29;42,2024-07-13 03:04:27,24.91,80.29,42
1329,t2g3:105,t2g3,24.95;80.47;42,2024-07-13 03:19:28,24.95,80.47,42
1330,t2g3:105,t2g3,25.04;80.58;42,2024-07-13 03:34:29,25.04,80.58,42
1331,t2g3:105,t2g3,25.05;80.64;42,2024-07-13 03:49:30,25.05,80.64,42
1332,t2g3:105,t2g3,25.05;80.87;42,2024-07-13 04:04:30,25.05,80.87,42
1333,t2g3:105,t2g3,25.07;80.88;42,2024-07-13 04:19:31,25.07,80.88,42
1334,t2g3:105,t2g3,25.08;81.12;42,2024-07-13 04:34:32,25.08,81.12,42
1335,t2g3:105,t2g3,25.11;81.08;42,2024-07-13 04:49:33,25.11,81.08,42
1336,t2g3:105,t2g3,25.14;81.46;42,2024-07-13 05:04:33,25.14,81.46,42
1337,t2g3:105,t2g3,25.15;81.54;42,2024-07-13 05:19:34,25.15,81.54,42
1338,t2g3:105,t2g3,25.21;81.77;42,2024-07-13 05:34:35,25.21,81.77,42
1339,t2g3:105,t2g3,25.21;81.91;42,2024-07-13 05:49:36,25.21,81.91,42
1340,t2g3:105,t2g3,25.22;81.89;42,2024-07-13 06:04:36,25.22,81.89,42
1341,t2g3:105,t2g3,25.25;81.95;42,2024-07-13 06:19:37,25.25,81.95,42
1342,t2g3:105,t2g3,25.25;82.02;42,2024-07-13 06:34:38,25.25,82.02,42
1343,t2g3:105,t2g3,25.26;82.05;42,2024-07-13 06:49:39,25.26,82.05,42
1344,t2g3:105,t2g3,25.28;82.45;42,2024-07-13 07:04:40,25.28,82.45,42
1345,t2g3:105,t2g3,25.29;82.20;42,2024-07-13 07:19:40,25.29,82.20,42
1346,t2g3:105,t2g3,25.34;82.20;42,2024-07-13 07:34:41,25.34,82.20,42
1347,t2g3:105,t2g3,25.34;82.29;42,2024-07-13 07:49:42,25.34,82.29,42
1348,t2g3:105,t2g3,25.36;82.46;42,2024-07-13 08:04:43,25.36,82.46,42
1349,t2g3:105,t2g3,25.36;82.74;42,2024-07-13 08:19:43,25.36,82.74,42
1350,t2g3:105,t2g3,25.39;82.83;42,2024-07-13 08:34:44,25.39,82.83,42
1351,t2g3:105,t2g3,25.41;83.21;42,2024-07-13 08:49:45,25.41,83.21,42
1352,t2g3:105,t2g3,25.49;83.30;42,2024-07-13 09:04:46,25.49,83.30,42
1353,t2g3:105,t2g3,25.52;83.35;42,2024-07-13 09:19:47,25.52,83.35,42
1354,t2g3:105,t2g3,25.58;82.86;42,2024-07-13 09:34:48,25.58,82.86,42
1355,t2g3:105,t2g3,25.72;82.58;42,2024-07-13 09:49:48,25.72,82.58,42
1356,t2g3:105,t2g3,25.76;82.40;42,2024-07-13 10:04:49,25.76,82.40,42
1357,t2g3:105,t2g3,25.84;82.26;42,2024-07-13 10:19:50,25.84,82.26,42
1358,t2g3:105,t2g3,25.97;81.84;42,2024-07-13 10:34:51,25.97,81.84,42
1359,t2g3:105,t2g3,26.07;81.27;42,2024-07-13 10:49:51,26.07,81.27,42
1360,t2g3:105,t2g3,26.21;80.85;42,2024-07-13 11:04:52,26.21,80.85,42
1361,t2g3:105,t2g3,26.30;80.65;42,2024-07-13 11:19:53,26.30,80.65,42
1362,t2g3:105,t2g3,26.37;80.21;42,2024-07-13 11:34:54,26.37,80.21,42
1363,t2g3:105,t2g3,26.45;80.03;42,2024-07-13 11:49:55,26.45,80.03,42
1364,t2g3:105,t2g3,26.52;79.66;42,2024-07-13 12:04:55,26.52,79.66,42
1365,t2g3:105,t2g3,26.55;79.03;42,2024-07-13 12:19:56,26.55,79.03,42
1366,t2g3:105,t2g3,26.65;79.00;42,2024-07-13 12:34:57,26.65,79.00,42
1367,t2g3:105,t2g3,26.69;78.44;42,2024-07-13 12:49:58,26.69,78.44,42
1368,t2g3:105,t2g3,26.78;77.85;42,2024-07-13 13:04:59,26.78,77.85,42
1369,t2g3:105,t2g3,26.93;77.53;42,2024-07-13 13:19:59,26.93,77.53,42
1370,t2g3:105,t2g3,27.09;76.97;42,2024-07-13 13:35:00,27.09,76.97,42
1371,t2g3:105,t2g3,27.17;76.44;42,2024-07-13 13:50:01,27.17,76.44,42
1372,t2g3:105,t2g3,27.25;76.11;42,2024-07-13 14:05:01,27.25,76.11,42
1373,t2g3:105,t2g3,27.27;75.51;42,2024-07-13 14:20:02,27.27,75.51,42
1374,t2g3:105,t2g3,27.39;75.23;42,2024-07-13 14:35:03,27.39,75.23,42
1375,t2g3:105,t2g3,27.43;74.90;42,2024-07-13 14:50:04,27.43,74.90,42
1376,t2g3:105,t2g3,27.46;74.90;42,2024-07-13 15:05:04,27.46,74.90,42
1377,t2g3:105,t2g3,27.47;74.53;42,2024-07-13 15:20:05,27.47,74.53,42
1378,t2g3:105,t2g3,27.61;74.56;42,2024-07-13 15:35:06,27.61,74.56,42
1379,t2g3:105,t2g3,27.68;74.45;42,2024-07-13 15:50:07,27.68,74.45,42
1380,t2g3:105,t2g3,27.72;74.42;42,2024-07-13 16:05:07,27.72,74.42,42
1381,t2g3:105,t2g3,27.87;74.17;42,2024-07-13 16:20:08,27.87,74.17,42
1382,t2g3:105,t2g3,27.91;73.73;42,2024-07-13 16:35:09,27.91,73.73,42
1383,t2g3:105,t2g3,27.99;73.15;42,2024-07-13 16:50:10,27.99,73.15,42
1384,t2g3:105,t2g3,28.06;72.70;42,2024-07-13 17:05:10,28.06,72.70,42
1385,t2g3:105,t2g3,28.12;72.37;42,2024-07-13 17:20:11,28.12,72.37,42
1386,t2g3:105,t2g3,28.13;72.12;42,2024-07-13 17:35:12,28.13,72.12,42
1387,t2g3:105,t2g3,28.18;71.98;42,2024-07-13 17:50:13,28.18,71.98,42
1388,t2g3:105,t2g3,28.20;71.84;42,2024-07-13 18:05:13,28.20,71.84,42
1389,t2g3:105,t2g3,28.16;72.18;42,2024-07-13 18:20:14,28.16,72.18,42
1390,t2g3:105,t2g3,28.09;72.64;42,2024-07-13 18:35:15,28.09,72.64,42
1391,t2g3:105,t2g3,28.13;73.13;42,2024-07-13 18:50:15,28.13,73.13,42
1392,t2g3:105,t2g3,28.06;73.60;42,2024-07-13 19:05:16,28.06,73.60,42
1393,t2g3:105,t2g3,28.04;73.83;42,2024-07-13 19:20:17,28.04,73.83,42
1394,t2g3:105,t2g3,27.95;74.04;42,2024-07-13 19:35:18,27.95,74.04,42
1395,t2g3:105,t2g3,27.87;74.13;42,2024-07-13 19:50:18,27.87,74.13,42
1396,t2g3:105,t2g3,27.87;74.16;42,2024-07-13 20:05:19,27.87,74.16,42
1397,t2g3:105,t2g3,27.83;74.27;42,2024-07-13 20:20:20,27.83,74.27,42
1398,t2g3:105,t2g3,27.77;74.29;42,2024-07-13 20:35:21,27.77,74.29,42
1399,t2g3:105,t2g3,27.75;74.46;42,2024-07-13 20:50:21,27.75,74.46,42
1400,t2g3:105,t2g3,27.65;74.76;42,2024-07-13 21:05:22,27.65,74.76,42
1401,t2g3:105,t2g3,27.62;74.63;42,2024-07-13 21:20:23,27.62,74.63,42
1402,t2g3:105,t2g3,27.61;74.67;42,2024-07-13 21:35:24,27.61,74.67,42
1403,t2g3:105,t2g3,27.58;74.63;42,2024-07-13 21:50:24,27.58,74.63,42
1404,t2g3:105,t2g3,27.57;74.71;42,2024-07-13 22:05:25,27.57,74.71,42
1405,t2g3:105,t2g3,27.54;74.69;42,2024-07-13 22:20:26,27.54,74.69,42
1406,t2g3:105,t2g3,27.51;74.82;42,2024-07-13 22:35:27,27.51,74.82,42
1407,t2g3:105,t2g3,27.46;74.90;42,2024-07-13 22:50:27,27.46,74.90,42
1408,t2g3:105,t2g3,27.47;74.87;42,2024-07-13 23:05:28,27.47,74.87,42
1409,t2g3:105,t2g3,27.46;75.03;42,2024-07-13 23:20:29,27.46,75.03,42
1410,t2g3:105,t2g3,27.43;75.25;42,2024-07-13 23:35:30,27.43,75.25,42
1411,t2g3:105,t2g3,27.43;75.16;42,2024-07-13 23:50:31,27.43,75.16,42
1412,t2g3:105,t2g3,27.37;75.63;42,2024-07-14 00:05:31,27.37,75.63,42
1413,t2g3:105,t2g3,27.39;75.81;42,2024-07-14 00:20:32,27.39,75.81,42
1414,t2g3:105,t2g3,27.39;75.51;42,2024-07-14 00:35:33,27.39,75.51,42
1415,t2g3:105,t2g3,27.34;75.69;42,2024-07-14 00:50:34,27.34,75.69,42
1416,t2g3:105,t2g3,27.34;75.78;42,2024-07-14 01:05:35,27.34,75.78,42
1417,t2g3:105,t2g3,27.29;76.14;42,2024-07-14 01:20:36,27.29,76.14,42
1418,t2g3:105,t2g3,27.29;76.35;42,2024-07-14 01:35:36,27.29,76.35,42
1419,t2g3:105,t2g3,27.27;76.63;42,2024-07-14 01:50:37,27.27,76.63,42
1420,t2g3:105,t2g3,27.29;76.79;42,2024-07-14 02:05:38,27.29,76.79,42
1421,t2g3:105,t2g3,27.29;76.72;42,2024-07-14 02:20:39,27.29,76.72,42
1422,t2g3:105,t2g3,27.25;76.58;42,2024-07-14 02:35:40,27.25,76.58,42
1423,t2g3:105,t2g3,27.25;76.79;42,2024-07-14 02:50:40,27.25,76.79,42
1424,t2g3:105,t2g3,27.26;76.79;42,2024-07-14 03:05:41,27.26,76.79,42
1425,t2g3:105,t2g3,27.25;76.81;42,2024-07-14 03:20:42,27.25,76.81,42
1426,t2g3:105,t2g3,27.20;76.96;42,2024-07-14 03:35:43,27.20,76.96,42
1427,t2g3:105,t2g3,27.23;77.01;42,2024-07-14 03:50:44,27.23,77.01,42
1428,t2g3:105,t2g3,27.23;77.30;42,2024-07-14 04:05:44,27.23,77.30,42
1429,t2g3:105,t2g3,27.26;77.11;42,2024-07-14 04:20:45,27.26,77.11,42
1430,t2g3:105,t2g3,27.19;77.58;42,2024-07-14 04:35:46,27.19,77.58,42
1431,t2g3:105,t2g3,27.19;77.91;42,2024-07-14 04:50:47,27.19,77.91,42
1432,t2g3:105,t2g3,27.22;78.10;42,2024-07-14 05:05:48,27.22,78.10,42
1433,t2g3:105,t2g3,27.19;78.12;42,2024-07-14 05:20:48,27.19,78.12,42
1434,t2g3:105,t2g3,27.20;78.14;42,2024-07-14 05:35:49,27.20,78.14,42
1435,t2g3:105,t2g3,27.19;78.24;42,2024-07-14 05:50:50,27.19,78.24,42
1436,t2g3:105,t2g3,27.17;78.10;42,2024-07-14 06:05:51,27.17,78.10,42
1437,t2g3:105,t2g3,27.20;78.08;42,2024-07-14 06:20:52,27.20,78.08,42
1438,t2g3:105,t2g3,27.17;78.27;42,2024-07-14 06:35:53,27.17,78.27,42
1439,t2g3:105,t2g3,27.14;78.42;42,2024-07-14 06:50:53,27.14,78.42,42
1440,t2g3:105,t2g3,27.20;78.30;42,2024-07-14 07:05:54,27.20,78.30,42
1441,t2g3:105,t2g3,27.17;78.68;42,2024-07-14 07:20:55,27.17,78.68,42
1442,t2g3:105,t2g3,27.17;78.71;42,2024-07-14 07:35:56,27.17,78.71,42
1443,t2g3:105,t2g3,27.17;78.81;42,2024-07-14 07:50:57,27.17,78.81,42
1444,t2g3:105,t2g3,27.22;78.51;42,2024-07-14 08:05:57,27.22,78.51,42
1445,t2g3:105,t2g3,27.19;78.45;42,2024-07-14 08:20:58,27.19,78.45,42
1446,t2g3:105,t2g3,27.17;78.52;42,2024-07-14 08:35:59,27.17,78.52,42
1447,t2g3:105,t2g3,27.23;78.95;42,2024-07-14 08:51:00,27.23,78.95,42
1448,t2g3:105,t2g3,27.29;79.19;42,2024-07-14 09:06:01,27.29,79.19,42
1449,t2g3:105,t2g3,27.33;79.35;42,2024-07-14 09:21:01,27.33,79.35,42
1450,t2g3:105,t2g3,27.34;79.35;42,2024-07-14 09:36:02,27.34,79.35,42
1451,t2g3:105,t2g3,27.39;78.86;42,2024-07-14 09:51:03,27.39,78.86,42
1452,t2g3:105,t2g3,27.40;78.37;42,2024-07-14 10:06:04,27.40,78.37,42
1453,t2g3:105,t2g3,27.44;78.50;42,2024-07-14 10:21:04,27.44,78.50,42
1454,t2g3:105,t2g3,27.43;77.94;42,2024-07-14 10:36:05,27.43,77.94,42
1455,t2g3:105,t2g3,27.48;77.68;42,2024-07-14 10:51:06,27.48,77.68,42
1456,t2g3:105,t2g3,27.56;77.66;42,2024-07-14 11:06:06,27.56,77.66,42
1457,t2g3:105,t2g3,27.61;77.23;42,2024-07-14 11:21:07,27.61,77.23,42
1458,t2g3:105,t2g3,27.68;76.94;42,2024-07-14 11:36:08,27.68,76.94,42
1459,t2g3:105,t2g3,27.74;77.00;42,2024-07-14 11:51:08,27.74,77.00,42
1460,t2g3:105,t2g3,27.78;76.46;42,2024-07-14 12:06:09,27.78,76.46,42
1461,t2g3:105,t2g3,27.87;76.15;42,2024-07-14 12:21:10,27.87,76.15,42
1462,t2g3:105,t2g3,27.91;75.57;42,2024-07-14 12:36:10,27.91,75.57,42
1463,t2g3:105,t2g3,27.99;74.67;42,2024-07-14 12:51:11,27.99,74.67,42
1464,t2g3:105,t2g3,28.08;73.74;42,2024-07-14 13:06:12,28.08,73.74,42
1465,t2g3:105,t2g3,28.11;73.05;42,2024-07-14 13:21:12,28.11,73.05,42
1466,t2g3:105,t2g3,28.09;72.65;42,2024-07-14 13:36:13,28.09,72.65,42
1467,t2g3:105,t2g3,28.12;72.45;42,2024-07-14 13:51:14,28.12,72.45,42
1468,t2g3:105,t2g3,28.13;71.94;42,2024-07-14 14:06:15,28.13,71.94,42
1469,t2g3:105,t2g3,28.19;71.47;42,2024-07-14 14:21:16,28.19,71.47,42
1470,t2g3:105,t2g3,28.22;71.20;42,2024-07-14 14:36:16,28.22,71.20,42
1471,t2g3:105,t2g3,28.26;71.05;42,2024-07-14 14:51:17,28.26,71.05,42
1472,t2g3:105,t2g3,28.23;70.72;42,2024-07-14 15:06:18,28.23,70.72,42
1473,t2g3:105,t2g3,28.25;70.61;42,2024-07-14 15:21:18,28.25,70.61,42
1474,t2g3:105,t2g3,28.26;70.72;42,2024-07-14 15:36:19,28.26,70.72,42
1475,t2g3:105,t2g3,28.29;70.82;42,2024-07-14 15:51:20,28.29,70.82,42
1476,t2g3:105,t2g3,28.30;71.01;42,2024-07-14 16:06:21,28.30,71.01,42
1477,t2g3:105,t2g3,28.35;70.88;42,2024-07-14 16:21:21,28.35,70.88,42
1478,t2g3:105,t2g3,28.38;70.89;42,2024-07-14 16:36:22,28.38,70.89,42
1479,t2g3:105,t2g3,28.49;70.86;42,2024-07-14 16:51:23,28.49,70.86,42
1480,t2g3:105,t2g3,28.56;70.88;42,2024-07-14 17:06:24,28.56,70.88,42
1481,t2g3:105,t2g3,28.55;71.47;42,2024-07-14 17:21:24,28.55,71.47,42
1482,t2g3:105,t2g3,28.49;72.12;42,2024-07-14 17:36:25,28.49,72.12,42
1483,t2g3:105,t2g3,28.49;72.09;42,2024-07-14 17:51:26,28.49,72.09,42
1484,t2g3:105,t2g3,28.46;72.25;42,2024-07-14 18:06:27,28.46,72.25,42
1485,t2g3:105,t2g3,28.43;72.19;42,2024-07-14 18:21:27,28.43,72.19,42
1486,t2g3:105,t2g3,28.40;72.34;42,2024-07-14 18:36:28,28.40,72.34,42
1487,t2g3:105,t2g3,28.39;72.23;42,2024-07-14 18:51:29,28.39,72.23,42
1488,t2g3:105,t2g3,28.39;72.15;42,2024-07-14 19:06:30,28.39,72.15,42
1489,t2g3:105,t2g3,28.27;72.01;42,2024-07-14 19:21:31,28.27,72.01,42
1490,t2g3:105,t2g3,28.30;71.55;42,2024-07-14 19:36:32,28.30,71.55,42
1491,t2g3:105,t2g3,28.27;71.47;42,2024-07-14 19:51:32,28.27,71.47,42
1492,t2g3:105,t2g3,28.23;71.48;42,2024-07-14 20:06:33,28.23,71.48,42
1493,t2g3:105,t2g3,28.22;71.54;42,2024-07-14 20:21:34,28.22,71.54,42
1494,t2g3:105,t2g3,28.13;71.84;42,2024-07-14 20:36:35,28.13,71.84,42
1495,t2g3:105,t2g3,28.19;71.92;42,2024-07-14 20:51:36,28.19,71.92,42
1496,t2g3:105,t2g3,28.15;72.18;42,2024-07-14 21:06:36,28.15,72.18,42
1497,t2g3:105,t2g3,28.11;72.36;42,2024-07-14 21:21:37,28.11,72.36,42
1498,t2g3:105,t2g3,28.08;72.47;42,2024-07-14 21:36:38,28.08,72.47,42
1499,t2g3:105,t2g3,28.12;72.66;42,2024-07-14 21:51:39,28.12,72.66,42
1500,t2g3:105,t2g3,28.05;72.83;42,2024-07-14 22:06:40,28.05,72.83,42
1501,t2g3:105,t2g3,28.05;73.10;42,2024-07-14 22:21:40,28.05,73.10,42
1502,t2g3:105,t2g3,28.04;73.43;42,2024-07-14 22:36:41,28.04,73.43,42
1503,t2g3:105,t2g3,28.02;73.79;42,2024-07-14 22:51:42,28.02,73.79,42
1504,t2g3:105,t2g3,27.99;73.99;42,2024-07-14 23:06:43,27.99,73.99,42
1505,t2g3:105,t2g3,28.01;74.30;42,2024-07-14 23:21:44,28.01,74.30,42
1506,t2g3:105,t2g3,27.97;74.56;42,2024-07-14 23:36:44,27.97,74.56,42
1507,t2g3:105,t2g3,27.92;74.51;42,2024-07-14 23:51:45,27.92,74.51,42
1508,t2g3:105,t2g3,27.92;74.64;42,2024-07-15 00:06:46,27.92,74.64,42
1509,t2g3:105,t2g3,27.95;74.77;42,2024-07-15 00:21:47,27.95,74.77,42
1510,t2g3:105,t2g3,27.92;74.89;42,2024-07-15 00:36:47,27.92,74.89,42
1511,t2g3:105,t2g3,27.92;74.85;42,2024-07-15 00:51:48,27.92,74.85,42
1512,t2g3:105,t2g3,27.88;75.10;42,2024-07-15 01:06:49,27.88,75.10,42
1513,t2g3:105,t2g3,27.88;75.14;42,2024-07-15 01:21:50,27.88,75.14,42
1514,t2g3:105,t2g3,27.87;75.23;42,2024-07-15 01:36:51,27.87,75.23,42
1515,t2g3:105,t2g3,27.84;75.33;42,2024-07-15 01:51:52,27.84,75.33,42
1516,t2g3:105,t2g3,27.84;75.63;42,2024-07-15 02:06:52,27.84,75.63,42
1517,t2g3:105,t2g3,27.85;75.28;42,2024-07-15 02:21:53,27.85,75.28,42
1518,t2g3:105,t2g3,27.84;75.10;42,2024-07-15 02:36:54,27.84,75.10,42
1519,t2g3:105,t2g3,27.83;74.96;42,2024-07-15 02:51:55,27.83,74.96,42
1520,t2g3:105,t2g3,27.80;74.81;42,2024-07-15 03:06:55,27.80,74.81,42
1521,t2g3:105,t2g3,27.81;74.65;42,2024-07-15 03:21:56,27.81,74.65,42
1522,t2g3:105,t2g3,27.80;74.52;42,2024-07-15 03:36:57,27.80,74.52,42
1523,t2g3:105,t2g3,27.78;74.48;42,2024-07-15 03:51:58,27.78,74.48,42
1524,t2g3:105,t2g3,27.78;74.54;42,2024-07-15 04:06:58,27.78,74.54,42
1525,t2g3:105,t2g3,27.78;74.41;42,2024-07-15 04:21:59,27.78,74.41,42
1526,t2g3:105,t2g3,27.77;74.47;42,2024-07-15 04:37:00,27.77,74.47,42
1527,t2g3:105,t2g3,27.77;74.60;42,2024-07-15 04:52:01,27.77,74.60,42
1528,t2g3:105,t2g3,27.78;74.72;42,2024-07-15 05:07:01,27.78,74.72,42
1529,t2g3:105,t2g3,27.78;74.88;42,2024-07-15 05:22:02,27.78,74.88,42
1530,t2g3:105,t2g3,27.78;75.01;42,2024-07-15 05:37:03,27.78,75.01,42
1531,t2g3:105,t2g3,27.75;75.27;42,2024-07-15 05:52:04,27.75,75.27,42
1532,t2g3:105,t2g3,27.75;75.46;42,2024-07-15 06:07:05,27.75,75.46,42
1533,t2g3:105,t2g3,27.77;75.65;42,2024-07-15 06:22:06,27.77,75.65,42
1534,t2g3:105,t2g3,27.68;74.91;42,2024-07-15 06:37:06,27.68,74.91,42
1535,t2g3:105,t2g3,27.12;73.38;42,2024-07-15 06:52:07,27.12,73.38,42
1536,t2g3:105,t2g3,26.68;71.85;42,2024-07-15 07:07:08,26.68,71.85,42
1537,t2g3:105,t2g3,26.30;69.40;42,2024-07-15 07:22:09,26.30,69.40,42
1538,t2g3:105,t2g3,25.92;67.12;42,2024-07-15 07:37:10,25.92,67.12,42
1539,t2g3:105,t2g3,25.56;64.74;42,2024-07-15 07:52:11,25.56,64.74,42
1540,t2g3:105,t2g3,25.24;63.09;42,2024-07-15 08:07:12,25.24,63.09,42
1541,t2g3:105,t2g3,24.98;61.93;42,2024-07-15 08:22:13,24.98,61.93,42
1542,t2g3:105,t2g3,24.73;61.28;42,2024-07-15 08:37:13,24.73,61.28,42
1543,t2g3:105,t2g3,24.60;60.95;42,2024-07-15 08:52:14,24.60,60.95,42
1544,t2g3:105,t2g3,24.50;60.84;42,2024-07-15 09:07:15,24.50,60.84,42
1545,t2g3:105,t2g3,24.43;60.90;42,2024-07-15 09:22:16,24.43,60.90,42
1546,t2g3:105,t2g3,24.33;60.82;42,2024-07-15 09:37:17,24.33,60.82,42
1547,t2g3:105,t2g3,24.29;60.59;42,2024-07-15 09:52:18,24.29,60.59,42
1548,t2g3:105,t2g3,24.28;60.89;42,2024-07-15 10:07:19,24.28,60.89,42
1549,t2g3:105,t2g3,24.26;60.88;42,2024-07-15 10:22:19,24.26,60.88,42
1550,t2g3:105,t2g3,24.30;61.45;42,2024-07-15 10:37:20,24.30,61.45,42
1551,t2g3:105,t2g3,24.38;61.83;42,2024-07-15 10:52:21,24.38,61.83,42
1552,t2g3:105,t2g3,24.56;61.03;42,2024-07-15 11:07:22,24.56,61.03,42
1553,t2g3:105,t2g3,24.52;62.23;42,2024-07-15 11:22:23,24.52,62.23,42
1554,t2g3:105,t2g3,24.77;63.85;42,2024-07-15 11:37:24,24.77,63.85,42
1555,t2g3:105,t2g3,24.86;64.35;42,2024-07-15 11:52:25,24.86,64.35,42
1556,t2g3:105,t2g3,25.03;64.63;42,2024-07-15 12:07:26,25.03,64.63,42
1557,t2g3:105,t2g3,25.10;64.90;42,2024-07-15 12:22:26,25.10,64.90,42
1558,t2g3:105,t2g3,25.17;64.79;42,2024-07-15 12:37:27,25.17,64.79,42
1559,t2g3:105,t2g3,25.13;64.13;42,2024-07-15 12:52:28,25.13,64.13,42
1560,t2g3:105,t2g3,25.07;64.80;42,2024-07-15 13:07:29,25.07,64.80,42
1561,t2g3:105,t2g3,25.14;64.95;42,2024-07-15 13:22:29,25.14,64.95,42
1562,t2g3:105,t2g3,25.13;65.10;42,2024-07-15 13:37:30,25.13,65.10,42
1563,t2g3:105,t2g3,25.26;64.91;42,2024-07-15 13:52:31,25.26,64.91,42
1564,t2g3:105,t2g3,25.68;63.94;42,2024-07-15 14:07:32,25.68,63.94,42
1565,t2g3:105,t2g3,25.77;64.61;42,2024-07-15 14:22:32,25.77,64.61,42
