id,clientID,topic,message,timestamp
452,t1g2:112,t1g2,temperature 0.00,2024-07-03 10:33:36
453,t1g2:112,t1g2,temperature 0.00,2024-07-03 10:33:37
454,t1g2:112,t1g2,temperature 0.00,2024-07-03 10:33:39
455,t1g2:112,t1g2,temperature 0.00,2024-07-03 10:33:40
456,t1g2:112,t1g2,temperature 0.00,2024-07-03 10:33:41
457,t1g2:112,t1g2,temperature 0.00,2024-07-03 10:33:42
458,t1g2:112,t1g2,temperature 0.00,2024-07-03 10:33:44
459,t1g2:112,t1g2,temperature 0.00,2024-07-03 10:33:45
460,t1g2:112,t1g2,temperature 0.00,2024-07-03 10:33:46
461,t1g2:112,t1g2,temperature 0.00,2024-07-03 10:33:47
462,t1g2:112,t1g2,temperature 0.00,2024-07-03 10:33:49
463,t1g2:112,t1g2,temperature 0.00,2024-07-03 10:34:20
464,t1g2:112,t1g2,temperature 0.00,2024-07-03 10:37:41
465,t1g2:112,t1g2,temperature 0.00,2024-07-03 10:40:10
466,t1g2:112,t1g2,temperature 0.00,2024-07-03 10:41:50
467,t1g2:112,t1g2,temperature 0.00,2024-07-03 10:43:30
468,t1g2:112,t1g2,temperature 0.00,2024-07-03 10:45:54
469,t1g2:112,t1g2,temperature 0.00,2024-07-03 10:48:00
470,t1g2:112,t1g2,temperature 0.00,2024-07-03 10:48:01
471,t1g2:112,t1g2,temperature 0.00,2024-07-03 10:48:02
472,t1g2:112,t1g2,temperature 0.00,2024-07-03 10:48:03
473,t1g2:112,t1g2,temperature 0.00,2024-07-03 10:48:04
474,t1g2:112,t1g2,temperature 0.00,2024-07-03 10:48:06
475,t1g2:112,t1g2,temperature 0.00,2024-07-03 10:48:07
476,t1g2:112,t1g2,temperature 0.00,2024-07-03 10:48:08
477,t1g2:112,t1g2,temperature 0.00,2024-07-03 10:48:09
478,t1g2:112,t1g2,temperature 0.00,2024-07-03 10:48:11
479,t1g2:112,t1g2,temperature 0.00,2024-07-03 10:48:12
480,t1g2:112,t1g2,temperature 0.00,2024-07-03 10:48:13
481,t1g2:112,t1g2,temperature 0.00,2024-07-03 10:48:14
482,t1g2:112,t1g2,temperature 0.00,2024-07-03 10:48:16
483,t1g2:112,t1g2,temperature 0.00,2024-07-03 10:48:17
484,t1g2:112,t1g2,temperature 0.00,2024-07-03 10:49:47
485,t1g2:112,t1g2,temperature 0.00,2024-07-03 10:49:48
486,t1g2:112,t1g2,temperature 0.00,2024-07-03 10:49:49
487,t1g2:112,t1g2,temperature 0.00,2024-07-03 10:49:51
488,t1g2:112,t1g2,temperature 0.00,2024-07-03 10:49:52
489,t1g2:112,t1g2,temperature 0.00,2024-07-03 10:49:53
490,t1g2:112,t1g2,temperature 0.00,2024-07-03 10:49:54
491,t1g2:112,t1g2,temperature 0.00,2024-07-03 10:49:55
492,t1g2:112,t1g2,temperature 0.00,2024-07-03 10:49:57
493,t1g2:112,t1g2,temperature 0.00,2024-07-03 10:49:58
494,t1g2:112,t1g2,temperature 0.00,2024-07-03 10:49:59
495,t1g2:112,t1g2,temperature 0.00,2024-07-03 10:50:00
496,t1g2:112,t1g2,temperature 0.00,2024-07-03 10:50:01
497,t1g2:112,t1g2,temperature 0.00,2024-07-03 10:50:05
498,t1g2:112,t1g2,temperature 0.00,2024-07-03 10:50:23
499,t1g2:112,t1g2,temperature 0.00,2024-07-03 10:50:24
500,t1g2:112,t1g2,temperature 0.00,2024-07-03 10:50:26
501,t1g2:112,t1g2,temperature 0.00,2024-07-03 10:50:27
502,t1g2:112,t1g2,temperature 0.00,2024-07-03 10:50:28
503,t1g2:112,t1g2,temperature 0.00,2024-07-03 10:50:29
504,t1g2:112,t1g2,temperature 0.00,2024-07-03 10:50:30
505,t1g2:112,t1g2,temperature 0.00,2024-07-03 10:50:32
506,t1g2:112,t1g2,temperature 0.00,2024-07-03 10:50:33
507,t1g2:112,t1g2,temperature 0.00,2024-07-03 10:50:34
508,t1g2:112,t1g2,temperature 0.00,2024-07-03 10:50:35
509,t1g2:112,t1g2,temperature 0.00,2024-07-03 10:50:36
510,t1g2:112,t1g2,temperature 0.00,2024-07-03 10:50:38
511,t1g2:112,t1g2,temperature 0.00,2024-07-03 10:50:39
512,t1g2:112,t1g2,temperature 0.00,2024-07-03 10:50:40
513,t1g2:112,t1g2,temperature 0.00,2024-07-03 10:50:41
514,t1g2:112,t1g2,temperature 0.00,2024-07-03 10:50:42
515,t1g2:112,t1g2,temperature 0.00,2024-07-03 10:50:44
516,t1g2:112,t1g2,temperature 0.00,2024-07-03 10:50:45
517,t1g2:112,t1g2,temperature 0.00,2024-07-03 10:50:46
518,t1g2:112,t1g2,temperature 0.00,2024-07-03 10:50:47
519,t1g2:112,t1g2,temperature 0.00,2024-07-03 10:50:49
520,t1g2:112,t1g2,temperature 0.00,2024-07-03 10:50:50
521,t1g2:112,t1g2,temperature 0.00,2024-07-03 10:50:51
522,t1g2:112,t1g2,temperature 0.00,2024-07-03 10:50:52
523,t1g2:112,t1g2,temperature 0.00,2024-07-03 10:50:53
524,t1g2:112,t1g2,temperature 0.00,2024-07-03 10:50:55
525,t1g2:112,t1g2,temperature 0.00,2024-07-03 10:50:56
526,t1g2:112,t1g2,temperature 0.00,2024-07-03 10:56:11
527,t1g2:112,t1g2,temperature 23.68,2024-07-03 10:58:44
528,t1g2:110,t1g2,23.81;64.80;21,2024-07-10 09:40:21
529,t1g2:110,t1g2,23.81;64.85;24,2024-07-10 09:40:30
530,t1g2:110,t1g2,23.83;64.93;23,2024-07-10 09:40:40
531,t1g2:110,t1g2,23.79;65.67;24,2024-07-10 09:40:51
532,t1g2:110,t1g2,23.81;65.02;24,2024-07-10 09:41:01
533,t1g2:110,t1g2,23.89;64.78;24,2024-07-10 09:41:10
534,t1g2:110,t1g2,23.84;64.21;23,2024-07-10 09:41:20
535,t1g2:110,t1g2,23.79;64.10;24,2024-07-10 09:41:31
536,t1g2:110,t1g2,23.77;64.25;24,2024-07-10 09:41:41
537,t1g2:110,t1g2,23.73;64.27;23,2024-07-10 09:41:51
538,t1g2:110,t1g2,23.72;64.40;24,2024-07-10 09:42:01
539,t1g2:110,t1g2,23.74;64.55;24,2024-07-10 09:42:11
540,t1g2:110,t1g2,23.72;64.73;24,2024-07-10 09:42:21
541,t1g2:110,t1g2,23.68;65.88;24,2024-07-10 09:42:31
542,t1g2:110,t1g2,23.73;66.05;25,2024-07-10 09:42:41
543,t1g2:110,t1g2,23.68;65.20;24,2024-07-10 09:42:51
544,t1g2:110,t1g2,23.73;65.37;24,2024-07-10 09:43:01
545,t1g2:110,t1g2,23.86;64.96;21,2024-07-10 09:43:36
546,t1g2:110,t1g2,23.84;64.90;25,2024-07-10 09:43:46
547,t1g2:110,t1g2,23.83;65.18;25,2024-07-10 09:43:56
548,t1g2:110,t1g2,23.83;64.94;24,2024-07-10 09:44:06
549,t1g2:110,t1g2,23.81;65.18;24,2024-07-10 09:44:16
550,t1g2:110,t1g2,23.87;66.64;25,2024-07-10 09:44:26
551,t1g2:110,t1g2,23.91;65.58;25,2024-07-10 09:44:36
552,t1g2:110,t1g2,23.97;65.04;24,2024-07-10 09:44:46
553,t1g2:110,t1g2,23.97;64.93;25,2024-07-10 09:44:56
554,t1g2:110,t1g2,23.97;64.52;24,2024-07-10 09:45:06
555,t1g2:110,t1g2,24.00;64.35;24,2024-07-10 09:45:16
556,t1g2:110,t1g2,23.97;64.29;24,2024-07-10 09:45:26
557,t1g2:110,t1g2,23.96;64.09;24,2024-07-10 09:45:36
558,t1g2:110,t1g2,23.80;64.94;22,2024-07-10 09:46:12
559,t1g2:110,t1g2,23.76;64.63;23,2024-07-10 09:46:22
560,t1g2:110,t1g2,23.70;64.89;23,2024-07-10 09:46:32
561,t1g2:110,t1g2,23.70;64.86;24,2024-07-10 09:46:42
562,t1g2:110,t1g2,23.62;64.65;24,2024-07-10 09:46:52
563,t1g2:110,t1g2,23.62;64.74;23,2024-07-10 09:47:02
564,t1g2:110,t1g2,23.68;64.72;24,2024-07-10 09:47:12
565,t1g2:110,t1g2,23.76;65.12;21,2024-07-10 09:47:51
566,t1g2:110,t1g2,23.73;64.39;21,2024-07-10 09:48:48
567,t1g2:110,t1g2,23.70;64.44;24,2024-07-10 09:48:58
568,t1g2:110,t1g2,23.70;64.69;24,2024-07-10 09:49:08
569,t1g2:110,t1g2,23.76;65.35;25,2024-07-10 09:49:18
570,t1g2:110,t1g2,23.74;64.88;21,2024-07-10 09:49:50
571,t1g2:110,t1g2,23.70;64.63;24,2024-07-10 09:50:00
572,t1g2:110,t1g2,23.74;64.79;24,2024-07-10 09:50:10
573,t1g2:110,t1g2,23.70;65.10;25,2024-07-10 09:50:20
574,t1g2:110,t1g2,23.72;65.69;24,2024-07-10 09:50:30
575,t1g2:110,t1g2,23.72;65.45;25,2024-07-10 09:50:40
576,t1g2:110,t1g2,23.77;67.78;25,2024-07-10 09:50:50
577,t1g2:110,t1g2,23.73;68.02;25,2024-07-10 09:51:00
578,t1g2:110,t1g2,23.77;65.76;25,2024-07-10 09:51:10
579,t1g2:110,t1g2,23.77;66.08;25,2024-07-10 09:51:20
580,t1g2:110,t1g2,23.81;65.76;25,2024-07-10 09:51:30
581,t1g2:110,t1g2,23.81;65.81;25,2024-07-10 09:51:40
582,t1g2:110,t1g2,23.87;65.19;24,2024-07-10 09:51:50
583,t1g2:110,t1g2,23.04;66.60;30,2024-07-10 10:10:42
584,t1g2:110,t1g2,23.14;66.22;30,2024-07-10 10:25:42
585,t1g2:110,t1g2,23.05;66.72;31,2024-07-10 10:40:42
586,t1g2:110,t1g2,23.10;66.86;31,2024-07-10 10:55:42
587,t1g2:110,t1g2,23.14;67.06;32,2024-07-10 11:10:42
588,t1g2:110,t1g2,23.37;68.20;31,2024-07-10 11:25:42
589,t1g2:110,t1g2,23.35;68.12;33,2024-07-10 11:40:42
590,t1g2:110,t1g2,23.56;68.06;33,2024-07-10 11:55:42
591,t1g2:110,t1g2,23.73;68.68;33,2024-07-10 12:10:43
592,t1g2:110,t1g2,23.73;68.39;32,2024-07-10 12:25:43
593,t1g2:110,t1g2,23.70;68.37;33,2024-07-10 12:40:43
594,t1g2:110,t1g2,23.90;67.92;33,2024-07-10 12:55:43
595,t1g2:110,t1g2,24.10;68.44;33,2024-07-10 13:10:43
596,t1g2:110,t1g2,23.99;68.19;33,2024-07-10 13:25:43
597,t1g2:110,t1g2,23.95;68.79;34,2024-07-10 13:40:43
598,t1g2:110,t1g2,23.89;68.50;33,2024-07-10 13:55:43
599,t1g2:110,t1g2,24.03;68.09;33,2024-07-10 14:10:43
600,t1g2:110,t1g2,24.08;67.61;33,2024-07-10 14:25:43
601,t1g2:110,t1g2,24.23;68.28;34,2024-07-10 14:40:43
602,t1g2:110,t1g2,24.25;68.08;34,2024-07-10 14:55:43
603,t1g2:110,t1g2,24.14;67.21;34,2024-07-10 15:10:43
604,t1g2:110,t1g2,24.32;67.35;34,2024-07-10 15:25:44
605,t1g2:110,t1g2,24.42;67.27;34,2024-07-10 15:40:44
606,t1g2:110,t1g2,24.56;68.11;34,2024-07-10 15:55:44
607,t1g2:110,t1g2,24.69;67.69;34,2024-07-10 16:10:44
608,t1g2:110,t1g2,24.71;68.42;34,2024-07-10 16:25:44
609,t1g2:110,t1g2,24.52;67.66;34,2024-07-10 16:40:44
610,t1g2:110,t1g2,24.48;67.44;34,2024-07-10 16:55:44
611,t1g2:110,t1g2,24.32;68.34;35,2024-07-10 17:10:44
612,t1g2:110,t1g2,24.50;68.21;34,2024-07-10 17:25:44
613,t1g2:110,t1g2,24.45;68.06;35,2024-07-10 17:40:44
614,t1g2:110,t1g2,24.37;67.62;35,2024-07-10 17:55:44
615,t1g2:110,t1g2,24.18;67.88;34,2024-07-10 18:10:44
616,t1g2:110,t1g2,23.99;68.43;35,2024-07-10 18:25:44
617,t1g2:110,t1g2,23.50;68.20;36,2024-07-10 18:40:44
618,t1g2:110,t1g2,23.68;68.17;35,2024-07-10 18:55:44
619,t1g2:110,t1g2,24.08;66.89;36,2024-07-10 19:10:44
620,t1g2:110,t1g2,24.56;68.85;35,2024-07-10 19:25:45
621,t1g2:110,t1g2,24.65;70.29;34,2024-07-10 19:40:45
622,t1g2:110,t1g2,24.92;71.11;34,2024-07-10 19:55:45
623,t1g2:110,t1g2,25.05;71.23;34,2024-07-10 20:10:45
624,t1g2:110,t1g2,25.00;73.00;34,2024-07-10 20:25:45
625,t1g2:110,t1g2,25.21;73.49;33,2024-07-10 20:40:45
626,t1g2:110,t1g2,25.31;73.37;34,2024-07-10 20:55:45
627,t1g2:110,t1g2,25.36;74.66;35,2024-07-10 21:10:45
628,t1g2:110,t1g2,25.38;75.00;34,2024-07-10 21:25:45
629,t1g2:110,t1g2,25.47;75.57;34,2024-07-10 21:40:44
630,t1g2:110,t1g2,25.52;75.76;35,2024-07-10 21:55:44
631,t1g2:110,t1g2,25.58;76.16;35,2024-07-10 22:10:44
632,t1g2:110,t1g2,25.61;77.02;35,2024-07-10 22:25:44
633,t1g2:110,t1g2,25.62;77.56;35,2024-07-10 22:40:44
634,t1g2:110,t1g2,25.67;77.66;35,2024-07-10 22:55:44
635,t1g2:110,t1g2,25.69;77.84;35,2024-07-10 23:10:44
636,t1g2:110,t1g2,25.74;77.86;36,2024-07-10 23:25:44
637,t1g2:110,t1g2,25.77;78.15;36,2024-07-10 23:40:44
638,t1g2:110,t1g2,25.78;78.25;36,2024-07-10 23:55:44
639,t1g2:110,t1g2,25.84;78.11;36,2024-07-11 00:10:44
640,t1g2:110,t1g2,25.84;78.41;36,2024-07-11 00:25:44
641,t1g2:110,t1g2,25.88;78.75;36,2024-07-11 00:40:44
642,t1g2:110,t1g2,25.87;79.03;37,2024-07-11 00:55:44
643,t1g2:110,t1g2,25.91;79.31;35,2024-07-11 01:10:44
644,t1g2:110,t1g2,25.96;80.11;36,2024-07-11 01:25:44
645,t1g2:110,t1g2,25.98;80.60;36,2024-07-11 01:40:44
646,t1g2:110,t1g2,25.99;81.34;36,2024-07-11 01:55:44
647,t1g2:110,t1g2,26.02;81.42;36,2024-07-11 02:10:44
648,t1g2:110,t1g2,25.99;81.50;36,2024-07-11 02:25:44
649,t1g2:110,t1g2,26.05;81.30;36,2024-07-11 02:40:44
650,t1g2:110,t1g2,26.08;81.57;36,2024-07-11 02:55:44
651,t1g2:110,t1g2,26.06;82.25;36,2024-07-11 03:10:44
652,t1g2:110,t1g2,26.09;82.60;36,2024-07-11 03:25:44
653,t1g2:110,t1g2,26.12;82.88;37,2024-07-11 03:40:44
654,t1g2:110,t1g2,26.09;82.57;32,2024-07-11 03:55:44
655,t1g2:110,t1g2,26.08;82.58;37,2024-07-11 04:10:44
656,t1g2:110,t1g2,26.12;82.32;36,2024-07-11 04:25:44
657,t1g2:110,t1g2,26.12;82.14;37,2024-07-11 04:40:44
658,t1g2:110,t1g2,26.12;82.57;36,2024-07-11 04:55:44
659,t1g2:110,t1g2,26.16;82.55;35,2024-07-11 05:10:44
660,t1g2:110,t1g2,26.16;82.97;35,2024-07-11 05:25:44
661,t1g2:110,t1g2,26.20;82.92;35,2024-07-11 05:40:43
662,t1g2:110,t1g2,26.20;83.42;36,2024-07-11 05:55:43
663,t1g2:110,t1g2,26.23;83.52;35,2024-07-11 06:10:43
664,t1g2:110,t1g2,26.20;83.83;35,2024-07-11 06:25:43
665,t1g2:110,t1g2,26.06;79.57;35,2024-07-11 06:40:43
666,t1g2:110,t1g2,25.60;77.73;37,2024-07-11 06:55:43
667,t1g2:110,t1g2,25.21;75.89;41,2024-07-11 07:10:43
668,t1g2:110,t1g2,24.93;74.15;41,2024-07-11 07:25:43
669,t1g2:110,t1g2,24.51;72.97;42,2024-07-11 07:40:43
670,t1g2:110,t1g2,24.23;71.15;43,2024-07-11 07:55:43
671,t1g2:110,t1g2,23.86;69.56;43,2024-07-11 08:10:43
672,t1g2:110,t1g2,23.58;68.69;43,2024-07-11 08:25:43
673,t1g2:110,t1g2,23.42;67.86;43,2024-07-11 08:40:43
674,t1g2:110,t1g2,23.25;67.62;44,2024-07-11 08:55:43
675,t1g2:110,t1g2,23.28;66.80;42,2024-07-11 09:10:43
676,t1g2:110,t1g2,23.22;66.63;42,2024-07-11 09:25:43
677,t1g2:110,t1g2,23.15;66.63;41,2024-07-11 09:40:43
678,t1g2:110,t1g2,23.01;66.75;41,2024-07-11 09:55:43
679,t1g2:110,t1g2,23.10;66.54;42,2024-07-11 10:10:42
680,t1g2:110,t1g2,23.15;66.76;41,2024-07-11 10:25:42
681,t1g2:110,t1g2,23.11;66.69;41,2024-07-11 10:40:42
682,t1g2:110,t1g2,23.25;66.68;40,2024-07-11 10:55:42
683,t1g2:110,t1g2,23.29;67.34;40,2024-07-11 11:10:42
684,t1g2:110,t1g2,23.29;66.74;40,2024-07-11 11:25:42
685,t1g2:110,t1g2,23.32;66.80;40,2024-07-11 11:40:42
686,t1g2:110,t1g2,23.38;66.69;40,2024-07-11 11:55:42
687,t1g2:110,t1g2,23.31;67.05;40,2024-07-11 12:10:42
688,t1g2:110,t1g2,23.38;66.90;40,2024-07-11 12:25:42
689,t1g2:110,t1g2,23.33;67.08;40,2024-07-11 12:40:42
690,t1g2:110,t1g2,23.48;67.13;39,2024-07-11 12:55:42
691,t1g2:110,t1g2,23.63;66.43;39,2024-07-11 13:10:42
692,t1g2:110,t1g2,23.72;66.37;38,2024-07-11 13:25:42
693,t1g2:110,t1g2,23.80;67.29;39,2024-07-11 13:40:42
694,t1g2:110,t1g2,23.91;67.01;39,2024-07-11 13:55:42
695,t1g2:110,t1g2,23.80;66.94;39,2024-07-11 14:10:42
696,t1g2:110,t1g2,23.87;66.65;39,2024-07-11 14:25:42
697,t1g2:110,t1g2,23.97;67.78;39,2024-07-11 14:40:42
698,t1g2:110,t1g2,24.00;67.28;38,2024-07-11 14:55:42
699,t1g2:110,t1g2,24.31;67.35;38,2024-07-11 15:10:42
700,t1g2:110,t1g2,24.24;68.15;37,2024-07-11 15:25:42
701,t1g2:110,t1g2,24.18;67.03;38,2024-07-11 15:40:42
702,t1g2:110,t1g2,24.38;66.75;44,2024-07-11 15:55:42
703,t1g2:110,t1g2,24.71;67.23;38,2024-07-11 16:10:42
704,t1g2:110,t1g2,24.73;67.36;36,2024-07-11 16:25:42
705,t1g2:110,t1g2,24.82;67.35;37,2024-07-11 16:40:42
706,t1g2:110,t1g2,24.96;67.40;38,2024-07-11 16:55:42
707,t1g2:110,t1g2,24.76;67.88;38,2024-07-11 17:10:42
708,t1g2:110,t1g2,24.76;67.92;38,2024-07-11 17:25:42
709,t1g2:110,t1g2,24.85;67.28;38,2024-07-11 17:40:42
710,t1g2:110,t1g2,24.73;67.48;38,2024-07-11 17:55:42
711,t1g2:110,t1g2,24.47;67.28;38,2024-07-11 18:10:42
712,t1g2:110,t1g2,24.25;67.36;38,2024-07-11 18:25:42
713,t1g2:110,t1g2,24.14;67.81;38,2024-07-11 18:40:42
714,t1g2:110,t1g2,23.96;68.09;38,2024-07-11 18:55:42
715,t1g2:110,t1g2,24.34;67.08;38,2024-07-11 19:10:42
716,t1g2:110,t1g2,24.66;68.29;36,2024-07-11 19:25:42
717,t1g2:110,t1g2,24.90;70.06;36,2024-07-11 19:40:42
718,t1g2:110,t1g2,25.07;69.60;36,2024-07-11 19:55:42
719,t1g2:110,t1g2,25.23;69.66;36,2024-07-11 20:10:42
720,t1g2:110,t1g2,25.29;70.43;36,2024-07-11 20:25:42
721,t1g2:110,t1g2,25.30;70.47;35,2024-07-11 20:40:42
722,t1g2:110,t1g2,25.41;71.69;35,2024-07-11 20:55:42
723,t1g2:110,t1g2,25.51;72.38;35,2024-07-11 21:10:42
724,t1g2:110,t1g2,25.54;73.59;34,2024-07-11 21:25:42
725,t1g2:110,t1g2,25.61;75.08;33,2024-07-11 21:40:42
726,t1g2:110,t1g2,25.52;75.20;35,2024-07-11 21:55:42
727,t1g2:110,t1g2,25.62;75.57;34,2024-07-11 22:10:42
728,t1g2:110,t1g2,25.72;77.00;34,2024-07-11 22:25:42
729,t1g2:110,t1g2,25.68;77.43;35,2024-07-11 22:40:42
730,t1g2:110,t1g2,25.81;78.35;34,2024-07-11 22:55:42
731,t1g2:110,t1g2,25.84;78.77;35,2024-07-11 23:10:42
732,t1g2:110,t1g2,25.87;79.03;35,2024-07-11 23:25:42
733,t1g2:110,t1g2,25.81;78.63;35,2024-07-11 23:40:42
734,t1g2:110,t1g2,25.91;79.22;35,2024-07-11 23:55:42
735,t1g2:110,t1g2,25.96;79.61;35,2024-07-12 00:10:42
736,t1g2:110,t1g2,25.96;80.08;36,2024-07-12 00:25:42
737,t1g2:110,t1g2,25.95;79.93;36,2024-07-12 00:40:42
738,t1g2:110,t1g2,25.99;80.26;36,2024-07-12 00:55:42
739,t1g2:110,t1g2,26.03;80.60;36,2024-07-12 01:10:42
740,t1g2:110,t1g2,26.05;80.38;35,2024-07-12 01:25:42
741,t1g2:110,t1g2,26.05;81.04;36,2024-07-12 01:40:42
742,t1g2:110,t1g2,26.05;81.11;35,2024-07-12 01:55:42
743,t1g2:110,t1g2,26.08;81.63;34,2024-07-12 02:10:42
744,t1g2:110,t1g2,26.16;81.61;36,2024-07-12 02:25:42
745,t1g2:110,t1g2,26.12;81.50;36,2024-07-12 02:40:42
746,t1g2:110,t1g2,26.13;81.66;36,2024-07-12 02:55:42
747,t1g2:110,t1g2,26.16;81.45;31,2024-07-12 03:10:42
748,t1g2:110,t1g2,26.12;81.35;36,2024-07-12 03:25:42
749,t1g2:110,t1g2,26.17;81.37;37,2024-07-12 03:40:42
750,t1g2:110,t1g2,26.17;81.48;37,2024-07-12 03:55:42
751,t1g2:110,t1g2,26.16;81.39;37,2024-07-12 04:10:42
752,t1g2:110,t1g2,26.17;81.28;37,2024-07-12 04:25:42
753,t1g2:110,t1g2,26.20;81.60;37,2024-07-12 04:40:42
754,t1g2:110,t1g2,26.19;81.88;37,2024-07-12 04:55:42
755,t1g2:110,t1g2,26.20;81.80;38,2024-07-12 05:10:42
756,t1g2:110,t1g2,26.23;82.32;38,2024-07-12 05:25:42
757,t1g2:110,t1g2,26.25;82.55;40,2024-07-12 05:40:42
758,t1g2:110,t1g2,26.26;82.66;37,2024-07-12 05:55:42
759,t1g2:110,t1g2,26.25;82.77;36,2024-07-12 06:10:42
760,t1g2:110,t1g2,26.23;82.81;36,2024-07-12 06:25:42
761,t1g2:110,t1g2,26.33;78.35;37,2024-07-12 06:40:42
762,t1g2:110,t1g2,25.79;76.86;39,2024-07-12 06:55:43
763,t1g2:110,t1g2,25.36;75.61;40,2024-07-12 07:10:42
764,t1g2:110,t1g2,25.12;74.01;42,2024-07-12 07:25:42
765,t1g2:110,t1g2,24.89;72.62;43,2024-07-12 07:40:42
766,t1g2:110,t1g2,24.51;71.23;43,2024-07-12 07:55:42
767,t1g2:110,t1g2,24.14;69.75;43,2024-07-12 08:10:42
768,t1g2:110,t1g2,23.89;68.60;43,2024-07-12 08:25:42
769,t1g2:110,t1g2,23.68;67.85;44,2024-07-12 08:40:42
770,t1g2:110,t1g2,23.53;67.19;44,2024-07-12 08:55:42
771,t1g2:110,t1g2,23.52;66.73;42,2024-07-12 09:10:42
772,t1g2:110,t1g2,23.56;66.13;42,2024-07-12 09:25:42
773,t1g2:110,t1g2,23.46;65.99;42,2024-07-12 09:40:42
774,t1g2:110,t1g2,23.38;65.81;42,2024-07-12 09:55:42
775,t1g2:110,t1g2,23.28;65.90;43,2024-07-12 10:10:42
776,t1g2:110,t1g2,23.28;65.79;44,2024-07-12 10:25:42
777,t1g2:110,t1g2,23.21;65.83;43,2024-07-12 10:40:41
778,t1g2:110,t1g2,23.31;65.81;44,2024-07-12 10:55:41
779,t1g2:110,t1g2,23.35;65.79;43,2024-07-12 11:10:41
780,t1g2:110,t1g2,23.37;65.70;42,2024-07-12 11:25:41
781,t1g2:110,t1g2,23.33;65.66;43,2024-07-12 11:40:41
782,t1g2:110,t1g2,23.50;66.05;43,2024-07-12 11:55:42
783,t1g2:110,t1g2,23.63;66.49;42,2024-07-12 12:10:41
784,t1g2:110,t1g2,23.77;67.62;40,2024-07-12 12:25:41
785,t1g2:110,t1g2,23.90;66.82;41,2024-07-12 12:40:41
786,t1g2:110,t1g2,23.95;67.45;42,2024-07-12 12:55:41
787,t1g2:110,t1g2,24.01;67.29;41,2024-07-12 13:10:41
788,t1g2:110,t1g2,23.99;67.90;41,2024-07-12 13:25:41
789,t1g2:110,t1g2,23.73;67.67;45,2024-07-12 13:40:41
790,t1g2:110,t1g2,23.59;67.95;42,2024-07-12 13:55:41
791,t1g2:110,t1g2,23.37;68.37;42,2024-07-12 14:10:41
792,t1g2:110,t1g2,23.33;68.45;42,2024-07-12 14:25:41
793,t1g2:110,t1g2,23.25;68.96;43,2024-07-12 14:40:41
794,t1g2:110,t1g2,23.28;68.99;43,2024-07-12 14:55:41
795,t1g2:110,t1g2,23.21;68.53;43,2024-07-12 15:10:41
796,t1g2:110,t1g2,23.08;69.20;44,2024-07-12 15:25:41
797,t1g2:110,t1g2,23.04;68.63;44,2024-07-12 15:40:41
798,t1g2:110,t1g2,23.07;68.51;44,2024-07-12 15:55:40
799,t1g2:110,t1g2,22.80;68.80;43,2024-07-12 16:10:40
800,t1g2:110,t1g2,22.80;68.59;45,2024-07-12 16:25:41
801,t1g2:110,t1g2,22.87;68.22;47,2024-07-12 16:40:40
802,t1g2:110,t1g2,22.77;68.54;46,2024-07-12 16:55:41
803,t1g2:110,t1g2,22.77;68.34;45,2024-07-12 17:10:40
804,t1g2:110,t1g2,22.77;68.42;46,2024-07-12 17:25:40
805,t1g2:110,t1g2,22.70;68.32;47,2024-07-12 17:40:40
806,t1g2:110,t1g2,22.60;68.59;46,2024-07-12 17:55:40
807,t1g2:110,t1g2,22.67;68.88;47,2024-07-12 18:10:40
808,t1g2:110,t1g2,22.62;69.15;48,2024-07-12 18:25:40
809,t1g2:110,t1g2,22.54;68.96;48,2024-07-12 18:40:40
810,t1g2:110,t1g2,22.62;69.40;49,2024-07-12 18:55:40
811,t1g2:110,t1g2,22.89;67.99;50,2024-07-12 19:10:40
812,t1g2:110,t1g2,23.22;67.04;49,2024-07-12 19:25:40
813,t1g2:110,t1g2,23.41;66.62;50,2024-07-12 19:40:40
814,t1g2:110,t1g2,23.50;66.55;49,2024-07-12 19:55:40
815,t1g2:110,t1g2,23.66;67.35;49,2024-07-12 20:10:40
816,t1g2:110,t1g2,23.76;69.25;50,2024-07-12 20:25:40
817,t1g2:110,t1g2,23.91;70.89;50,2024-07-12 20:40:39
818,t1g2:110,t1g2,24.03;72.56;50,2024-07-12 20:55:39
819,t1g2:110,t1g2,24.08;72.23;50,2024-07-12 21:10:39
820,t1g2:110,t1g2,24.18;72.51;51,2024-07-12 21:25:39
821,t1g2:110,t1g2,24.21;72.78;50,2024-07-12 21:40:39
822,t1g2:110,t1g2,24.28;74.44;50,2024-07-12 21:55:39
823,t1g2:110,t1g2,24.37;75.90;50,2024-07-12 22:10:39
824,t1g2:110,t1g2,24.44;76.99;49,2024-07-12 22:25:39
825,t1g2:110,t1g2,24.52;78.15;49,2024-07-12 22:40:39
826,t1g2:110,t1g2,24.54;78.91;49,2024-07-12 22:55:39
827,t1g2:110,t1g2,24.59;79.34;48,2024-07-12 23:10:39
828,t1g2:110,t1g2,24.66;79.83;47,2024-07-12 23:25:38
829,t1g2:110,t1g2,24.72;80.30;47,2024-07-12 23:40:38
830,t1g2:110,t1g2,24.69;80.73;47,2024-07-12 23:55:38
831,t1g2:110,t1g2,24.78;81.03;48,2024-07-13 00:10:38
832,t1g2:110,t1g2,24.81;81.83;47,2024-07-13 00:25:38
833,t1g2:110,t1g2,24.85;82.57;46,2024-07-13 00:40:38
834,t1g2:110,t1g2,24.86;82.57;46,2024-07-13 00:55:38
835,t1g2:110,t1g2,24.92;83.11;47,2024-07-13 01:10:38
836,t1g2:110,t1g2,24.94;83.63;46,2024-07-13 01:25:37
837,t1g2:110,t1g2,24.96;83.93;47,2024-07-13 01:40:37
838,t1g2:110,t1g2,24.97;84.53;46,2024-07-13 01:55:37
839,t1g2:110,t1g2,25.00;84.65;42,2024-07-13 02:10:37
840,t1g2:110,t1g2,25.05;84.53;46,2024-07-13 02:25:37
841,t1g2:110,t1g2,25.06;84.59;46,2024-07-13 02:40:37
842,t1g2:110,t1g2,25.09;84.30;46,2024-07-13 02:55:37
843,t1g2:110,t1g2,25.13;84.37;46,2024-07-13 03:10:37
844,t1g2:110,t1g2,25.14;84.59;45,2024-07-13 03:25:37
845,t1g2:110,t1g2,25.13;85.12;45,2024-07-13 03:40:37
846,t1g2:110,t1g2,25.20;84.71;46,2024-07-13 03:55:37
847,t1g2:110,t1g2,25.20;85.18;46,2024-07-13 04:10:37
848,t1g2:110,t1g2,25.19;84.97;46,2024-07-13 04:25:36
849,t1g2:110,t1g2,25.24;85.22;46,2024-07-13 04:40:36
850,t1g2:110,t1g2,25.23;85.73;46,2024-07-13 04:55:36
851,t1g2:110,t1g2,25.23;85.36;46,2024-07-13 05:10:36
852,t1g2:110,t1g2,25.27;85.66;46,2024-07-13 05:25:36
853,t1g2:110,t1g2,25.26;86.05;45,2024-07-13 05:40:36
854,t1g2:110,t1g2,25.29;86.14;46,2024-07-13 05:55:36
855,t1g2:110,t1g2,25.34;85.94;45,2024-07-13 06:10:36
856,t1g2:110,t1g2,25.33;86.23;46,2024-07-13 06:25:36
857,t1g2:110,t1g2,25.34;86.02;46,2024-07-13 06:40:35
858,t1g2:110,t1g2,25.36;86.45;45,2024-07-13 06:55:35
859,t1g2:110,t1g2,25.36;86.33;45,2024-07-13 07:10:35
860,t1g2:110,t1g2,25.38;86.39;46,2024-07-13 07:25:35
861,t1g2:110,t1g2,25.37;86.36;46,2024-07-13 07:40:35
862,t1g2:110,t1g2,25.42;86.51;46,2024-07-13 07:55:35
863,t1g2:110,t1g2,25.45;86.71;46,2024-07-13 08:10:35
864,t1g2:110,t1g2,25.48;87.02;46,2024-07-13 08:25:35
865,t1g2:110,t1g2,25.50;87.04;47,2024-07-13 08:40:35
866,t1g2:110,t1g2,25.58;87.48;46,2024-07-13 08:55:35
867,t1g2:110,t1g2,25.58;87.13;43,2024-07-13 09:10:34
868,t1g2:110,t1g2,25.71;86.74;42,2024-07-13 09:25:34
869,t1g2:110,t1g2,25.82;86.68;40,2024-07-13 09:40:34
870,t1g2:110,t1g2,25.91;86.13;39,2024-07-13 09:55:34
871,t1g2:110,t1g2,26.08;85.79;39,2024-07-13 10:10:34
872,t1g2:110,t1g2,26.20;85.18;37,2024-07-13 10:25:34
873,t1g2:110,t1g2,26.27;84.94;39,2024-07-13 10:40:34
874,t1g2:110,t1g2,26.40;84.65;37,2024-07-13 10:55:34
875,t1g2:110,t1g2,26.50;84.64;36,2024-07-13 11:10:34
876,t1g2:110,t1g2,26.57;83.87;37,2024-07-13 11:25:33
877,t1g2:110,t1g2,26.64;83.58;38,2024-07-13 11:40:34
878,t1g2:110,t1g2,26.73;82.84;39,2024-07-13 11:55:33
879,t1g2:110,t1g2,26.78;82.94;38,2024-07-13 12:10:33
880,t1g2:110,t1g2,26.85;82.62;37,2024-07-13 12:25:33
881,t1g2:110,t1g2,26.92;81.91;36,2024-07-13 12:40:33
882,t1g2:110,t1g2,27.04;81.43;36,2024-07-13 12:55:33
883,t1g2:110,t1g2,27.21;80.66;35,2024-07-13 13:10:33
884,t1g2:110,t1g2,27.33;80.17;37,2024-07-13 13:25:33
885,t1g2:110,t1g2,27.48;79.70;37,2024-07-13 13:40:33
886,t1g2:110,t1g2,27.48;79.36;37,2024-07-13 13:55:33
887,t1g2:110,t1g2,27.57;79.18;37,2024-07-13 14:10:33
888,t1g2:110,t1g2,27.60;78.82;37,2024-07-13 14:25:33
889,t1g2:110,t1g2,27.70;78.36;37,2024-07-13 14:40:32
890,t1g2:110,t1g2,27.73;78.41;38,2024-07-13 14:55:33
891,t1g2:110,t1g2,27.71;78.58;37,2024-07-13 15:10:33
892,t1g2:110,t1g2,27.86;77.93;38,2024-07-13 15:25:32
893,t1g2:110,t1g2,27.96;77.78;38,2024-07-13 15:40:32
894,t1g2:110,t1g2,28.00;77.79;37,2024-07-13 15:55:32
895,t1g2:110,t1g2,28.08;77.82;37,2024-07-13 16:10:32
896,t1g2:110,t1g2,28.21;77.24;38,2024-07-13 16:25:32
897,t1g2:110,t1g2,28.19;77.06;38,2024-07-13 16:40:32
898,t1g2:110,t1g2,28.32;76.30;37,2024-07-13 16:55:32
899,t1g2:110,t1g2,28.42;75.88;37,2024-07-13 17:10:32
900,t1g2:110,t1g2,28.42;75.74;37,2024-07-13 17:25:32
901,t1g2:110,t1g2,28.42;75.62;38,2024-07-13 17:40:32
902,t1g2:110,t1g2,28.46;75.42;38,2024-07-13 17:55:31
903,t1g2:110,t1g2,28.45;75.73;38,2024-07-13 18:10:31
904,t1g2:110,t1g2,28.32;76.41;38,2024-07-13 18:25:31
905,t1g2:110,t1g2,28.25;76.87;37,2024-07-13 18:40:31
906,t1g2:110,t1g2,28.22;77.29;37,2024-07-13 18:55:31
907,t1g2:110,t1g2,28.15;77.70;36,2024-07-13 19:10:31
908,t1g2:110,t1g2,28.17;77.96;36,2024-07-13 19:25:31
909,t1g2:110,t1g2,28.00;78.07;38,2024-07-13 19:40:30
910,t1g2:110,t1g2,27.94;78.52;38,2024-07-13 19:55:30
911,t1g2:110,t1g2,27.87;78.48;38,2024-07-13 20:10:30
912,t1g2:110,t1g2,27.81;78.59;38,2024-07-13 20:25:30
913,t1g2:110,t1g2,27.79;78.74;39,2024-07-13 20:40:30
914,t1g2:110,t1g2,27.74;78.84;39,2024-07-13 20:55:30
915,t1g2:110,t1g2,27.74;79.01;39,2024-07-13 21:10:30
916,t1g2:110,t1g2,27.69;79.17;39,2024-07-13 21:25:30
917,t1g2:110,t1g2,27.66;79.04;40,2024-07-13 21:40:30
918,t1g2:110,t1g2,27.63;78.97;44,2024-07-13 21:55:30
919,t1g2:110,t1g2,27.54;79.08;41,2024-07-13 22:10:30
920,t1g2:110,t1g2,27.57;78.95;41,2024-07-13 22:25:29
921,t1g2:110,t1g2,27.56;79.25;42,2024-07-13 22:40:29
922,t1g2:110,t1g2,27.52;79.26;41,2024-07-13 22:55:29
923,t1g2:110,t1g2,27.53;79.23;42,2024-07-13 23:10:29
924,t1g2:110,t1g2,27.50;79.39;41,2024-07-13 23:25:29
925,t1g2:110,t1g2,27.49;79.68;41,2024-07-13 23:40:29
926,t1g2:110,t1g2,27.46;79.63;40,2024-07-13 23:55:29
927,t1g2:110,t1g2,27.43;80.09;41,2024-07-14 00:10:29
928,t1g2:110,t1g2,27.42;79.93;40,2024-07-14 00:25:29
929,t1g2:110,t1g2,27.45;79.88;41,2024-07-14 00:40:29
930,t1g2:110,t1g2,27.42;80.07;40,2024-07-14 00:55:28
931,t1g2:110,t1g2,27.39;80.06;41,2024-07-14 01:10:28
932,t1g2:110,t1g2,27.40;80.44;40,2024-07-14 01:25:28
933,t1g2:110,t1g2,27.36;80.94;39,2024-07-14 01:40:28
934,t1g2:110,t1g2,27.36;80.95;39,2024-07-14 01:55:28
935,t1g2:110,t1g2,27.35;81.35;38,2024-07-14 02:10:28
936,t1g2:110,t1g2,27.36;81.12;39,2024-07-14 02:25:28
937,t1g2:110,t1g2,27.36;81.09;39,2024-07-14 02:40:28
938,t1g2:110,t1g2,27.36;81.14;39,2024-07-14 02:55:27
939,t1g2:110,t1g2,27.29;81.37;39,2024-07-14 03:10:27
940,t1g2:110,t1g2,27.29;81.48;39,2024-07-14 03:25:27
941,t1g2:110,t1g2,27.32;81.35;40,2024-07-14 03:40:27
942,t1g2:110,t1g2,27.26;81.63;39,2024-07-14 03:55:27
943,t1g2:110,t1g2,27.29;81.65;39,2024-07-14 04:10:27
944,t1g2:110,t1g2,27.22;81.80;39,2024-07-14 04:25:27
945,t1g2:110,t1g2,27.24;82.11;39,2024-07-14 04:40:27
946,t1g2:110,t1g2,27.26;82.53;38,2024-07-14 04:55:27
947,t1g2:110,t1g2,27.28;82.61;37,2024-07-14 05:10:26
948,t1g2:110,t1g2,27.28;82.69;38,2024-07-14 05:25:26
949,t1g2:110,t1g2,27.22;82.95;37,2024-07-14 05:40:26
950,t1g2:110,t1g2,27.25;82.58;38,2024-07-14 05:55:26
951,t1g2:110,t1g2,27.24;82.30;39,2024-07-14 06:10:26
952,t1g2:110,t1g2,27.25;82.48;39,2024-07-14 06:25:26
953,t1g2:110,t1g2,27.21;82.75;39,2024-07-14 06:40:25
954,t1g2:110,t1g2,27.21;82.56;39,2024-07-14 06:55:25
955,t1g2:110,t1g2,27.22;82.84;38,2024-07-14 07:10:25
956,t1g2:110,t1g2,27.19;83.16;39,2024-07-14 07:25:25
957,t1g2:110,t1g2,27.19;83.27;39,2024-07-14 07:40:25
958,t1g2:110,t1g2,27.26;83.11;39,2024-07-14 07:55:25
959,t1g2:110,t1g2,27.28;82.91;38,2024-07-14 08:10:25
960,t1g2:110,t1g2,27.26;82.65;37,2024-07-14 08:25:25
961,t1g2:110,t1g2,27.29;82.84;36,2024-07-14 08:40:25
962,t1g2:110,t1g2,27.35;82.97;36,2024-07-14 08:55:25
963,t1g2:110,t1g2,27.40;83.83;36,2024-07-14 09:10:25
964,t1g2:110,t1g2,27.46;83.45;36,2024-07-14 09:25:25
965,t1g2:110,t1g2,27.52;83.19;42,2024-07-14 09:40:25
966,t1g2:110,t1g2,27.59;82.69;42,2024-07-14 09:55:24
967,t1g2:110,t1g2,27.59;82.16;42,2024-07-14 10:10:24
968,t1g2:110,t1g2,27.66;82.31;41,2024-07-14 10:25:24
969,t1g2:110,t1g2,27.64;81.96;41,2024-07-14 10:40:24
970,t1g2:110,t1g2,27.71;81.74;40,2024-07-14 10:55:24
971,t1g2:110,t1g2,27.81;81.13;40,2024-07-14 11:10:24
972,t1g2:110,t1g2,27.91;80.72;41,2024-07-14 11:25:24
973,t1g2:110,t1g2,27.98;80.73;40,2024-07-14 11:40:24
974,t1g2:110,t1g2,27.98;80.57;37,2024-07-14 11:55:24
975,t1g2:110,t1g2,28.04;80.21;40,2024-07-14 12:10:24
976,t1g2:110,t1g2,28.15;79.66;40,2024-07-14 12:25:24
977,t1g2:110,t1g2,28.22;78.77;40,2024-07-14 12:40:24
978,t1g2:110,t1g2,28.29;77.92;41,2024-07-14 12:55:24
979,t1g2:110,t1g2,28.46;76.80;40,2024-07-14 13:10:24
980,t1g2:110,t1g2,28.34;76.54;39,2024-07-14 13:25:24
981,t1g2:110,t1g2,28.32;76.17;41,2024-07-14 13:40:24
982,t1g2:110,t1g2,28.34;75.88;41,2024-07-14 13:55:24
983,t1g2:110,t1g2,28.41;75.20;41,2024-07-14 14:10:24
984,t1g2:110,t1g2,28.45;74.98;41,2024-07-14 14:25:24
985,t1g2:110,t1g2,28.52;74.61;41,2024-07-14 14:40:24
986,t1g2:110,t1g2,28.46;74.52;41,2024-07-14 14:55:24
987,t1g2:110,t1g2,28.49;74.21;42,2024-07-14 15:10:24
988,t1g2:110,t1g2,28.48;74.13;42,2024-07-14 15:25:24
989,t1g2:110,t1g2,28.42;74.39;43,2024-07-14 15:40:24
990,t1g2:110,t1g2,28.54;74.57;42,2024-07-14 15:55:24
991,t1g2:110,t1g2,28.58;74.55;41,2024-07-14 16:10:24
992,t1g2:110,t1g2,28.59;74.57;42,2024-07-14 16:25:24
993,t1g2:110,t1g2,28.67;74.40;41,2024-07-14 16:40:24
994,t1g2:110,t1g2,28.77;74.32;42,2024-07-14 16:55:24
995,t1g2:110,t1g2,28.79;74.66;42,2024-07-14 17:10:24
996,t1g2:110,t1g2,28.73;75.48;42,2024-07-14 17:25:24
997,t1g2:110,t1g2,28.67;76.17;40,2024-07-14 17:40:24
998,t1g2:110,t1g2,28.65;76.12;42,2024-07-14 17:55:24
999,t1g2:110,t1g2,28.60;76.31;41,2024-07-14 18:10:24
1000,t1g2:110,t1g2,28.54;76.49;42,2024-07-14 18:25:24
1001,t1g2:110,t1g2,28.46;76.63;41,2024-07-14 18:40:24
1002,t1g2:110,t1g2,28.48;76.46;41,2024-07-14 18:55:24
1003,t1g2:110,t1g2,28.45;76.28;41,2024-07-14 19:10:24
1004,t1g2:110,t1g2,28.39;75.97;42,2024-07-14 19:25:24
1005,t1g2:110,t1g2,28.35;75.73;42,2024-07-14 19:40:24
1006,t1g2:110,t1g2,28.31;75.65;42,2024-07-14 19:55:24
1007,t1g2:110,t1g2,28.29;75.68;41,2024-07-14 20:10:23
1008,t1g2:110,t1g2,28.22;75.83;43,2024-07-14 20:25:24
1009,t1g2:110,t1g2,28.22;76.03;41,2024-07-14 20:40:23
1010,t1g2:110,t1g2,28.22;76.28;40,2024-07-14 20:55:23
1011,t1g2:110,t1g2,28.18;76.48;41,2024-07-14 21:10:23
1012,t1g2:110,t1g2,28.17;76.72;41,2024-07-14 21:25:23
1013,t1g2:110,t1g2,28.12;76.80;40,2024-07-14 21:40:23
1014,t1g2:110,t1g2,28.05;77.18;40,2024-07-14 21:55:23
1015,t1g2:110,t1g2,28.08;77.20;41,2024-07-14 22:10:23
1016,t1g2:110,t1g2,28.07;77.59;41,2024-07-14 22:25:23
1017,t1g2:110,t1g2,28.07;77.89;41,2024-07-14 22:40:23
1018,t1g2:110,t1g2,28.03;78.05;41,2024-07-14 22:55:23
1019,t1g2:110,t1g2,28.00;78.69;47,2024-07-14 23:10:23
1020,t1g2:110,t1g2,28.00;78.77;41,2024-07-14 23:25:23
1021,t1g2:110,t1g2,27.98;78.84;41,2024-07-14 23:40:23
1022,t1g2:110,t1g2,27.97;79.02;40,2024-07-14 23:55:22
1023,t1g2:110,t1g2,27.97;79.17;41,2024-07-15 00:10:22
1024,t1g2:110,t1g2,27.93;79.45;41,2024-07-15 00:25:22
1025,t1g2:110,t1g2,27.91;79.41;42,2024-07-15 00:40:22
1026,t1g2:110,t1g2,27.90;79.51;41,2024-07-15 00:55:22
1027,t1g2:110,t1g2,27.88;79.52;42,2024-07-15 01:10:22
1028,t1g2:110,t1g2,27.90;79.62;41,2024-07-15 01:25:22
1029,t1g2:110,t1g2,27.88;79.58;41,2024-07-15 01:40:22
1030,t1g2:110,t1g2,27.86;79.80;41,2024-07-15 01:55:22
1031,t1g2:110,t1g2,27.86;79.74;42,2024-07-15 02:10:22
1032,t1g2:110,t1g2,27.84;79.59;41,2024-07-15 02:25:22
1033,t1g2:110,t1g2,27.83;79.56;40,2024-07-15 02:40:22
1034,t1g2:110,t1g2,27.83;79.40;41,2024-07-15 02:55:22
1035,t1g2:110,t1g2,27.80;79.18;40,2024-07-15 03:10:22
1036,t1g2:110,t1g2,27.73;79.19;40,2024-07-15 03:25:22
1037,t1g2:110,t1g2,27.79;78.84;40,2024-07-15 03:40:22
1038,t1g2:110,t1g2,27.81;78.70;40,2024-07-15 03:55:22
1039,t1g2:110,t1g2,27.79;78.67;40,2024-07-15 04:10:22
1040,t1g2:110,t1g2,27.76;78.78;40,2024-07-15 04:25:22
1041,t1g2:110,t1g2,27.81;78.82;40,2024-07-15 04:40:22
1042,t1g2:110,t1g2,27.79;78.87;38,2024-07-15 04:55:22
1043,t1g2:110,t1g2,27.76;79.06;40,2024-07-15 05:10:22
1044,t1g2:110,t1g2,27.83;79.24;39,2024-07-15 05:25:21
1045,t1g2:110,t1g2,27.83;79.39;39,2024-07-15 05:40:21
1046,t1g2:110,t1g2,27.76;79.54;44,2024-07-15 05:55:21
1047,t1g2:110,t1g2,27.79;79.86;39,2024-07-15 06:10:21
1048,t1g2:110,t1g2,27.79;79.93;39,2024-07-15 06:25:21
1049,t1g2:110,t1g2,27.86;78.03;40,2024-07-15 06:40:21
1050,t1g2:110,t1g2,27.31;76.68;44,2024-07-15 06:55:21
1051,t1g2:110,t1g2,26.97;74.58;46,2024-07-15 07:10:21
1052,t1g2:110,t1g2,26.40;73.00;47,2024-07-15 07:25:22
1053,t1g2:110,t1g2,25.85;70.97;48,2024-07-15 07:40:21
1054,t1g2:110,t1g2,25.50;68.89;48,2024-07-15 07:55:21
1055,t1g2:110,t1g2,25.17;67.18;48,2024-07-15 08:10:21
1056,t1g2:110,t1g2,24.89;66.44;47,2024-07-15 08:25:21
1057,t1g2:110,t1g2,24.72;65.54;47,2024-07-15 08:40:21
1058,t1g2:110,t1g2,24.55;65.31;46,2024-07-15 08:55:21
1059,t1g2:110,t1g2,24.72;64.64;45,2024-07-15 09:10:21
1060,t1g2:110,t1g2,24.52;64.94;44,2024-07-15 09:25:21
1061,t1g2:110,t1g2,24.44;64.93;44,2024-07-15 09:40:21
1062,t1g2:110,t1g2,24.35;64.95;44,2024-07-15 09:55:20
1063,t1g2:110,t1g2,24.34;65.17;43,2024-07-15 10:10:20
1064,t1g2:110,t1g2,24.38;65.13;44,2024-07-15 10:25:20
1065,t1g2:110,t1g2,24.50;65.24;43,2024-07-15 10:40:21
1066,t1g2:110,t1g2,24.51;65.64;43,2024-07-15 10:55:20
1067,t1g2:110,t1g2,25.07;64.41;43,2024-07-15 11:10:20
1068,t1g2:110,t1g2,25.29;64.70;43,2024-07-15 11:25:20
1069,t1g2:110,t1g2,25.54;66.18;43,2024-07-15 11:40:19
1070,t1g2:110,t1g2,25.62;66.77;43,2024-07-15 11:55:19
1071,t1g2:110,t1g2,25.79;66.73;42,2024-07-15 12:10:19
1072,t1g2:110,t1g2,25.98;66.11;42,2024-07-15 12:25:19
1073,t1g2:110,t1g2,25.84;67.32;42,2024-07-15 12:40:19
1074,t1g2:110,t1g2,25.89;66.85;42,2024-07-15 12:55:19
1075,t1g2:110,t1g2,25.99;66.49;42,2024-07-15 13:10:19
1076,t1g2:110,t1g2,25.96;66.84;41,2024-07-15 13:25:19
1077,t1g2:110,t1g2,26.10;65.71;41,2024-07-15 13:40:18
1078,t1g2:110,t1g2,26.22;66.65;43,2024-07-15 13:55:18
1079,t1g2:110,t1g2,26.33;66.39;45,2024-07-15 14:10:18
1080,t1g2:110,t1g2,26.67;66.30;42,2024-07-15 14:25:18
1081,t1g2:110,t1g2,26.88;66.27;42,2024-07-15 14:40:18
1082,t1g2:110,t1g2,26.83;66.47;42,2024-07-15 14:55:18
1083,t1g2:110,t1g2,26.90;66.37;41,2024-07-15 15:10:18
1084,t1g2:110,t1g2,26.90;66.56;41,2024-07-15 15:25:18
1085,t1g2:110,t1g2,27.01;66.14;40,2024-07-15 15:40:18
1086,t1g2:110,t1g2,27.16;65.67;41,2024-07-15 15:55:18
1087,t1g2:110,t1g2,27.16;65.67;41,2024-07-15 16:10:17
1088,t1g2:110,t1g2,27.24;65.27;42,2024-07-15 16:25:17
1089,t1g2:110,t1g2,27.21;65.03;41,2024-07-15 16:40:17
1090,t1g2:110,t1g2,27.06;65.09;41,2024-07-15 16:55:17
1091,t1g2:110,t1g2,26.95;65.03;41,2024-07-15 17:10:17
1092,t1g2:110,t1g2,27.04;64.71;40,2024-07-15 17:25:17
1093,t1g2:110,t1g2,26.94;65.01;39,2024-07-15 17:40:17
1094,t1g2:110,t1g2,26.95;64.82;39,2024-07-15 17:55:17
1095,t1g2:110,t1g2,26.78;65.33;38,2024-07-15 18:10:17
1096,t1g2:110,t1g2,26.75;65.21;38,2024-07-15 18:25:17
1097,t1g2:110,t1g2,26.60;65.43;38,2024-07-15 18:40:17
1098,t1g2:110,t1g2,26.61;64.85;38,2024-07-15 18:55:17
1099,t1g2:110,t1g2,26.20;66.42;39,2024-07-15 19:10:17
1100,t1g2:110,t1g2,26.50;66.85;39,2024-07-15 19:25:16
1101,t1g2:110,t1g2,26.73;67.53;37,2024-07-15 19:40:16
1102,t1g2:110,t1g2,26.84;68.36;36,2024-07-15 19:55:16
1103,t1g2:110,t1g2,26.90;68.99;36,2024-07-15 20:10:16
1104,t1g2:110,t1g2,26.95;71.01;35,2024-07-15 20:25:16
1105,t1g2:110,t1g2,26.99;71.93;35,2024-07-15 20:40:16
1106,t1g2:110,t1g2,27.04;72.89;36,2024-07-15 20:55:16
1107,t1g2:110,t1g2,27.05;72.98;34,2024-07-15 21:10:16
1108,t1g2:110,t1g2,27.13;73.85;34,2024-07-15 21:25:16
1109,t1g2:110,t1g2,27.16;74.19;34,2024-07-15 21:40:16
1110,t1g2:110,t1g2,27.19;74.55;34,2024-07-15 21:55:16
1111,t1g2:110,t1g2,27.25;74.70;34,2024-07-15 22:10:16
1112,t1g2:110,t1g2,27.31;75.40;34,2024-07-15 22:25:16
1113,t1g2:110,t1g2,27.31;75.22;35,2024-07-15 22:40:16
1114,t1g2:110,t1g2,27.31;75.13;35,2024-07-15 22:55:16
1115,t1g2:110,t1g2,27.33;75.62;34,2024-07-15 23:10:15
1116,t1g2:110,t1g2,27.35;76.30;35,2024-07-15 23:25:15
1117,t1g2:110,t1g2,27.39;76.08;35,2024-07-15 23:40:15
1118,t1g2:110,t1g2,27.40;76.25;35,2024-07-15 23:55:15
1119,t1g2:110,t1g2,27.40;76.39;36,2024-07-16 00:10:15
1120,t1g2:110,t1g2,27.39;76.51;36,2024-07-16 00:25:15
1121,t1g2:110,t1g2,27.39;76.57;36,2024-07-16 00:40:15
1122,t1g2:110,t1g2,27.42;76.62;36,2024-07-16 00:55:14
1123,t1g2:110,t1g2,27.45;76.60;37,2024-07-16 01:10:14
1124,t1g2:110,t1g2,27.46;76.95;36,2024-07-16 01:25:14
1125,t1g2:110,t1g2,27.50;77.33;36,2024-07-16 01:40:14
1126,t1g2:110,t1g2,27.49;77.72;36,2024-07-16 01:55:14
1127,t1g2:110,t1g2,27.50;77.97;36,2024-07-16 02:10:14
1128,t1g2:110,t1g2,27.49;77.69;36,2024-07-16 02:25:14
1129,t1g2:110,t1g2,27.50;77.68;36,2024-07-16 02:40:14
1130,t1g2:110,t1g2,27.50;77.79;36,2024-07-16 02:55:14
1131,t1g2:110,t1g2,27.50;77.92;37,2024-07-16 03:10:14
1132,t1g2:110,t1g2,27.54;77.83;37,2024-07-16 03:25:13
1133,t1g2:110,t1g2,27.53;77.95;37,2024-07-16 03:40:13
1134,t1g2:110,t1g2,27.50;78.14;36,2024-07-16 03:55:13
1135,t1g2:110,t1g2,27.54;78.15;36,2024-07-16 04:10:13
1136,t1g2:110,t1g2,27.56;78.30;37,2024-07-16 04:25:13
1137,t1g2:110,t1g2,27.59;78.23;37,2024-07-16 04:40:13
1138,t1g2:110,t1g2,27.56;78.63;36,2024-07-16 04:55:13
1139,t1g2:110,t1g2,27.59;78.86;36,2024-07-16 05:10:13
1140,t1g2:110,t1g2,27.57;79.02;36,2024-07-16 05:25:13
1141,t1g2:110,t1g2,27.53;79.21;36,2024-07-16 05:40:13
1142,t1g2:110,t1g2,27.56;79.13;36,2024-07-16 05:55:13
1143,t1g2:110,t1g2,27.57;79.41;36,2024-07-16 06:10:12
1144,t1g2:110,t1g2,27.57;79.63;40,2024-07-16 06:25:12
1145,t1g2:110,t1g2,27.96;74.65;37,2024-07-16 06:40:12
1146,t1g2:110,t1g2,27.59;72.33;41,2024-07-16 06:55:12
1147,t1g2:110,t1g2,27.29;71.13;42,2024-07-16 07:10:12
1148,t1g2:110,t1g2,26.99;70.38;43,2024-07-16 07:25:12
1149,t1g2:110,t1g2,26.56;70.05;44,2024-07-16 07:40:12
1150,t1g2:110,t1g2,26.37;68.23;45,2024-07-16 07:55:11
1151,t1g2:110,t1g2,26.05;66.69;45,2024-07-16 08:10:11
1152,t1g2:110,t1g2,25.87;64.80;45,2024-07-16 08:25:11
1153,t1g2:110,t1g2,25.60;63.93;45,2024-07-16 08:40:11
1154,t1g2:110,t1g2,25.34;63.43;45,2024-07-16 08:55:10
1155,t1g2:110,t1g2,25.26;63.15;44,2024-07-16 09:10:10
1156,t1g2:110,t1g2,25.13;62.98;44,2024-07-16 09:25:10
1157,t1g2:110,t1g2,24.97;62.89;44,2024-07-16 09:40:10
1158,t1g2:110,t1g2,25.19;63.25;44,2024-07-16 09:55:10
1159,t1g2:110,t1g2,25.24;64.61;43,2024-07-16 10:10:10
1160,t1g2:110,t1g2,25.31;64.63;44,2024-07-16 10:25:10
1161,t1g2:110,t1g2,25.10;64.69;44,2024-07-16 10:40:10
1162,t1g2:110,t1g2,25.30;65.22;44,2024-07-16 10:55:09
1163,t1g2:110,t1g2,25.13;64.40;43,2024-07-16 11:10:09
1164,t1g2:110,t1g2,25.33;64.54;43,2024-07-16 11:25:09
1165,t1g2:110,t1g2,25.23;65.80;44,2024-07-16 11:40:09
1166,t1g2:110,t1g2,25.37;65.20;44,2024-07-16 11:55:09
1167,t1g2:110,t1g2,25.38;66.32;43,2024-07-16 12:10:09
1168,t1g2:110,t1g2,25.45;66.12;43,2024-07-16 12:25:09
1169,t1g2:110,t1g2,25.41;65.07;43,2024-07-16 12:40:09
1170,t1g2:110,t1g2,25.30;64.35;42,2024-07-16 12:55:09
1171,t1g2:110,t1g2,25.26;63.58;43,2024-07-16 13:10:09
1172,t1g2:110,t1g2,25.33;64.60;43,2024-07-16 13:25:09
1173,t1g2:110,t1g2,25.38;64.65;43,2024-07-16 13:40:08
1174,t1g2:110,t1g2,25.71;65.83;43,2024-07-16 13:55:09
1175,t1g2:110,t1g2,25.84;66.10;43,2024-07-16 14:10:09
1176,t1g2:110,t1g2,25.98;65.39;44,2024-07-16 14:25:09
1177,t1g2:110,t1g2,25.96;66.25;42,2024-07-16 14:40:08
1178,t1g2:110,t1g2,26.09;65.92;43,2024-07-16 14:55:08
1179,t1g2:110,t1g2,26.06;66.20;44,2024-07-16 15:10:08
1180,t1g2:110,t1g2,26.15;66.01;44,2024-07-16 15:25:08
1181,t1g2:110,t1g2,26.08;65.94;44,2024-07-16 15:40:08
1182,t1g2:110,t1g2,26.15;66.09;44,2024-07-16 15:55:08
1183,t1g2:110,t1g2,26.22;65.68;43,2024-07-16 16:10:08
1184,t1g2:110,t1g2,26.35;65.79;43,2024-07-16 16:25:08
1185,t1g2:110,t1g2,26.48;66.04;43,2024-07-16 16:40:08
1186,t1g2:110,t1g2,26.46;66.70;42,2024-07-16 16:55:08
1187,t1g2:110,t1g2,26.39;66.66;42,2024-07-16 17:10:08
1188,t1g2:110,t1g2,26.32;66.46;41,2024-07-16 17:25:08
1189,t1g2:110,t1g2,26.39;65.79;42,2024-07-16 17:40:07
1190,t1g2:110,t1g2,26.39;65.89;42,2024-07-16 17:55:08
1191,t1g2:110,t1g2,26.32;66.29;42,2024-07-16 18:10:07
1192,t1g2:110,t1g2,26.22;66.05;42,2024-07-16 18:25:07
1193,t1g2:110,t1g2,26.15;65.79;43,2024-07-16 18:40:07
1194,t1g2:110,t1g2,25.99;66.15;43,2024-07-16 18:55:07
1195,t1g2:110,t1g2,25.61;67.66;43,2024-07-16 19:10:07
1196,t1g2:110,t1g2,25.87;69.08;41,2024-07-16 19:25:07
1197,t1g2:110,t1g2,26.09;70.08;40,2024-07-16 19:40:07
1198,t1g2:110,t1g2,26.20;71.28;39,2024-07-16 19:55:07
1199,t1g2:110,t1g2,26.26;71.47;39,2024-07-16 20:10:07
1200,t1g2:110,t1g2,26.35;71.72;38,2024-07-16 20:25:07
1201,t1g2:110,t1g2,24.68;66.31;45,2024-07-18 16:57:08
1202,t1g2:110,t1g2,24.62;66.48;42,2024-07-18 17:12:07
1203,t1g2:110,t1g2,24.54;66.52;43,2024-07-18 17:27:07
1204,t1g2:110,t1g2,24.65;66.73;43,2024-07-18 17:42:07
1205,t1g2:110,t1g2,24.58;66.41;43,2024-07-18 17:57:07
1206,t1g2:110,t1g2,24.55;66.92;42,2024-07-18 18:12:07
1207,t1g2:110,t1g2,24.61;66.85;42,2024-07-18 18:27:06
1208,t1g2:110,t1g2,24.51;67.04;42,2024-07-18 18:42:06
1209,t1g2:110,t1g2,24.25;66.46;42,2024-07-18 18:57:06
1210,t1g2:110,t1g2,24.71;66.02;42,2024-07-18 19:12:06
1211,t1g2:110,t1g2,24.94;67.93;40,2024-07-18 19:27:06
1212,t1g2:110,t1g2,25.19;68.60;40,2024-07-18 19:42:05
1213,t1g2:110,t1g2,25.20;69.91;38,2024-07-18 19:57:05
1214,t1g2:110,t1g2,25.40;70.53;38,2024-07-18 20:12:05
1215,t1g2:110,t1g2,25.47;71.50;38,2024-07-18 20:27:05
1216,t1g2:110,t1g2,25.47;72.76;36,2024-07-18 20:42:05
1217,t1g2:110,t1g2,25.54;73.42;37,2024-07-18 20:57:04
1218,t1g2:110,t1g2,25.78;72.98;36,2024-07-18 21:12:04
1219,t1g2:110,t1g2,25.62;74.87;37,2024-07-18 21:27:04
1220,t1g2:110,t1g2,25.77;75.26;37,2024-07-18 21:42:04
1221,t1g2:110,t1g2,25.92;75.12;38,2024-07-18 21:57:04
1222,t1g2:110,t1g2,25.82;76.42;38,2024-07-18 22:12:04
1223,t1g2:110,t1g2,25.82;77.52;39,2024-07-18 22:27:04
1224,t1g2:110,t1g2,25.85;78.19;38,2024-07-18 22:42:04
1225,t1g2:110,t1g2,26.00;77.41;38,2024-07-18 22:57:03
1226,t1g2:110,t1g2,25.91;77.98;39,2024-07-18 23:12:03
1227,t1g2:110,t1g2,26.13;77.79;39,2024-07-18 23:27:03
1228,t1g2:110,t1g2,25.99;78.31;38,2024-07-18 23:42:03
1229,t1g2:110,t1g2,26.19;77.52;40,2024-07-18 23:57:03
1230,t1g2:110,t1g2,26.13;78.65;39,2024-07-19 00:12:03
1231,t1g2:110,t1g2,26.10;79.31;39,2024-07-19 00:27:03
1232,t1g2:110,t1g2,26.17;80.11;39,2024-07-19 00:42:03
1233,t1g2:110,t1g2,26.19;80.32;39,2024-07-19 00:57:02
1234,t1g2:110,t1g2,26.29;79.93;39,2024-07-19 01:12:03
1235,t1g2:110,t1g2,26.32;80.45;39,2024-07-19 01:27:02
1236,t1g2:110,t1g2,26.32;81.07;38,2024-07-19 01:42:02
1237,t1g2:110,t1g2,26.19;81.68;39,2024-07-19 01:57:02
1238,t1g2:110,t1g2,26.27;81.54;38,2024-07-19 02:12:02
1239,t1g2:110,t1g2,26.33;81.24;39,2024-07-19 02:27:02
1240,t1g2:110,t1g2,26.36;80.80;41,2024-07-19 02:42:02
1241,t1g2:110,t1g2,26.44;80.69;40,2024-07-19 02:57:02
1242,t1g2:110,t1g2,26.58;80.38;40,2024-07-19 03:12:02
1243,t1g2:110,t1g2,26.05;82.16;40,2024-07-19 03:27:02
1244,t1g2:110,t1g2,26.12;82.18;40,2024-07-19 03:42:01
1245,t1g2:110,t1g2,26.15;82.15;40,2024-07-19 03:57:01
1246,t1g2:110,t1g2,26.12;82.66;39,2024-07-19 04:12:01
1247,t1g2:110,t1g2,26.13;82.75;39,2024-07-19 04:27:01
1248,t1g2:110,t1g2,26.20;83.07;39,2024-07-19 04:42:01
1249,t1g2:110,t1g2,26.15;83.75;38,2024-07-19 04:57:01
1250,t1g2:110,t1g2,26.16;83.81;38,2024-07-19 05:12:01
1251,t1g2:110,t1g2,26.17;84.17;38,2024-07-19 05:27:01
1252,t1g2:110,t1g2,26.22;84.34;39,2024-07-19 05:42:01
1253,t1g2:110,t1g2,26.20;84.47;37,2024-07-19 05:57:00
1254,t1g2:110,t1g2,26.19;84.54;50,2024-07-19 06:12:00
1255,t1g2:110,t1g2,26.35;83.79;37,2024-07-19 06:27:00
1256,t1g2:110,t1g2,26.46;79.09;37,2024-07-19 06:42:00
1257,t1g2:110,t1g2,26.02;77.41;40,2024-07-19 06:57:00
1258,t1g2:110,t1g2,25.81;75.77;41,2024-07-19 07:12:00
1259,t1g2:110,t1g2,25.64;74.40;43,2024-07-19 07:26:59
1260,t1g2:110,t1g2,25.29;73.50;44,2024-07-19 07:41:59
1261,t1g2:110,t1g2,25.05;71.56;44,2024-07-19 07:56:59
1262,t1g2:110,t1g2,24.85;69.72;44,2024-07-19 08:11:59
1263,t1g2:110,t1g2,24.54;68.19;44,2024-07-19 08:26:58
1264,t1g2:110,t1g2,24.35;67.05;45,2024-07-19 08:41:58
1265,t1g2:110,t1g2,24.25;65.92;44,2024-07-19 08:56:58
1266,t1g2:110,t1g2,24.10;65.69;43,2024-07-19 09:11:58
1267,t1g2:110,t1g2,24.06;65.35;44,2024-07-19 09:26:58
1268,t1g2:110,t1g2,23.91;65.19;44,2024-07-19 09:41:57
1269,t1g2:110,t1g2,23.91;65.04;44,2024-07-19 09:56:57
1270,t1g2:110,t1g2,24.03;64.82;44,2024-07-19 10:11:57
1271,t1g2:110,t1g2,23.86;64.88;43,2024-07-19 10:26:57
1272,t1g2:110,t1g2,23.95;64.99;43,2024-07-19 10:41:56
1273,t1g2:110,t1g2,23.84;64.88;43,2024-07-19 10:56:56
1274,t1g2:110,t1g2,23.93;64.36;44,2024-07-19 11:11:56
1275,t1g2:110,t1g2,23.81;64.70;43,2024-07-19 11:26:56
1276,t1g2:110,t1g2,23.91;64.30;44,2024-07-19 11:41:55
1277,t1g2:110,t1g2,23.97;64.94;44,2024-07-19 11:56:55
1278,t1g2:110,t1g2,24.10;65.06;43,2024-07-19 12:11:55
1279,t1g2:110,t1g2,24.07;65.68;42,2024-07-19 12:26:55
1280,t1g2:110,t1g2,24.27;66.26;42,2024-07-19 12:41:54
1281,t1g2:110,t1g2,24.35;65.80;42,2024-07-19 12:56:54
1282,t1g2:110,t1g2,24.35;66.51;42,2024-07-19 13:11:54
1283,t1g2:110,t1g2,24.47;66.69;44,2024-07-19 13:26:54
1284,t1g2:110,t1g2,24.72;67.22;43,2024-07-19 13:41:53
1285,t1g2:110,t1g2,24.90;67.51;42,2024-07-19 13:56:53
1286,t1g2:110,t1g2,25.06;67.34;42,2024-07-19 14:11:53
1287,t1g2:110,t1g2,25.13;67.56;42,2024-07-19 14:26:53
1288,t1g2:110,t1g2,25.13;67.28;42,2024-07-19 14:41:52
1289,t1g2:110,t1g2,25.29;67.26;46,2024-07-19 14:56:52
1290,t1g2:110,t1g2,25.27;67.01;43,2024-07-19 15:11:52
1291,t1g2:110,t1g2,25.17;67.47;42,2024-07-19 15:26:52
1292,t1g2:110,t1g2,25.23;67.03;41,2024-07-19 15:41:52
1293,t1g2:110,t1g2,25.42;67.24;41,2024-07-19 15:56:52
1294,t1g2:110,t1g2,25.55;66.63;41,2024-07-19 16:11:51
1295,t1g2:110,t1g2,25.44;67.26;40,2024-07-19 16:26:51
1296,t1g2:110,t1g2,25.47;66.69;41,2024-07-19 16:41:51
1297,t1g2:110,t1g2,25.44;67.53;40,2024-07-19 16:56:51
1298,t1g2:110,t1g2,25.44;67.28;40,2024-07-19 17:11:51
1299,t1g2:110,t1g2,25.50;67.48;41,2024-07-19 17:26:50
1300,t1g2:110,t1g2,25.37;67.27;40,2024-07-19 17:41:50
1301,t1g2:110,t1g2,25.33;66.93;39,2024-07-19 17:56:50
1302,t1g2:110,t1g2,25.27;67.47;40,2024-07-19 18:11:49
1303,t1g2:110,t1g2,25.03;67.38;41,2024-07-19 18:26:49
1304,t1g2:110,t1g2,24.94;67.35;40,2024-07-19 18:41:49
1305,t1g2:110,t1g2,24.78;67.62;41,2024-07-19 18:56:49
1306,t1g2:110,t1g2,25.05;67.52;41,2024-07-19 19:11:49
1307,t1g2:110,t1g2,25.20;69.20;40,2024-07-19 19:26:48
1308,t1g2:110,t1g2,25.29;71.23;37,2024-07-19 19:41:48
1309,t1g2:110,t1g2,25.50;72.74;39,2024-07-19 19:56:48
1310,t1g2:110,t1g2,25.55;74.05;38,2024-07-19 20:11:48
1311,t1g2:110,t1g2,25.62;73.95;37,2024-07-19 20:26:48
1312,t1g2:110,t1g2,25.75;73.73;37,2024-07-19 20:41:47
1313,t1g2:110,t1g2,25.71;74.64;38,2024-07-19 20:56:47
1314,t1g2:110,t1g2,25.82;74.98;37,2024-07-19 21:11:47
1315,t1g2:110,t1g2,25.78;76.21;37,2024-07-19 21:26:47
1316,t1g2:110,t1g2,25.91;76.15;37,2024-07-19 21:41:47
1317,t1g2:110,t1g2,25.95;75.72;37,2024-07-19 21:56:46
1318,t1g2:110,t1g2,26.15;74.54;37,2024-07-19 22:11:46
1319,t1g2:110,t1g2,25.91;76.26;38,2024-07-19 22:26:46
1320,t1g2:110,t1g2,25.93;76.06;38,2024-07-19 22:41:46
1321,t1g2:110,t1g2,25.93;76.40;39,2024-07-19 22:56:45
1322,t1g2:110,t1g2,26.00;76.24;39,2024-07-19 23:11:45
1323,t1g2:110,t1g2,25.96;76.83;39,2024-07-19 23:26:45
1324,t1g2:110,t1g2,25.99;77.22;40,2024-07-19 23:41:45
1325,t1g2:110,t1g2,26.00;77.12;40,2024-07-19 23:56:45
1326,t1g2:110,t1g2,26.00;77.66;40,2024-07-20 00:11:44
1327,t1g2:110,t1g2,26.05;77.68;40,2024-07-20 00:26:44
1328,t1g2:110,t1g2,26.05;77.41;40,2024-07-20 00:41:44
1329,t1g2:110,t1g2,26.06;77.63;40,2024-07-20 00:56:44
1330,t1g2:110,t1g2,26.08;77.67;40,2024-07-20 01:11:44
1331,t1g2:110,t1g2,26.15;78.22;40,2024-07-20 01:26:44
1332,t1g2:110,t1g2,26.15;78.37;40,2024-07-20 01:41:44
1333,t1g2:110,t1g2,26.13;79.10;40,2024-07-20 01:56:43
1334,t1g2:110,t1g2,26.15;79.05;38,2024-07-20 02:11:43
1335,t1g2:110,t1g2,26.17;79.00;40,2024-07-20 02:26:43
1336,t1g2:110,t1g2,26.19;78.91;40,2024-07-20 02:41:43
1337,t1g2:110,t1g2,26.15;79.08;41,2024-07-20 02:56:43
1338,t1g2:110,t1g2,26.20;79.20;41,2024-07-20 03:11:43
1339,t1g2:110,t1g2,26.20;79.38;40,2024-07-20 03:26:42
1340,t1g2:110,t1g2,26.16;80.05;40,2024-07-20 03:41:42
1341,t1g2:110,t1g2,26.22;79.90;40,2024-07-20 03:56:42
1342,t1g2:110,t1g2,26.20;80.33;40,2024-07-20 04:11:42
1343,t1g2:110,t1g2,26.20;80.60;40,2024-07-20 04:26:42
1344,t1g2:110,t1g2,26.30;80.99;40,2024-07-20 04:41:42
1345,t1g2:110,t1g2,26.25;81.66;39,2024-07-20 04:56:41
1346,t1g2:110,t1g2,26.35;81.90;38,2024-07-20 05:11:41
1347,t1g2:110,t1g2,26.30;82.74;38,2024-07-20 05:26:41
1348,t1g2:110,t1g2,26.30;83.07;37,2024-07-20 05:41:41
1349,t1g2:110,t1g2,26.33;82.98;38,2024-07-20 05:56:41
1350,t1g2:110,t1g2,26.35;82.96;37,2024-07-20 06:11:41
1351,t1g2:110,t1g2,26.37;82.77;38,2024-07-20 06:26:40
1352,t1g2:110,t1g2,26.40;82.77;38,2024-07-20 06:41:40
1353,t1g2:110,t1g2,26.36;82.83;37,2024-07-20 06:56:40
1354,t1g2:110,t1g2,26.39;82.58;38,2024-07-20 07:11:40
1355,t1g2:110,t1g2,26.40;82.86;40,2024-07-20 07:26:40
1356,t1g2:110,t1g2,26.36;83.13;38,2024-07-20 07:41:39
1357,t1g2:110,t1g2,26.43;83.41;37,2024-07-20 07:56:39
1358,t1g2:110,t1g2,26.43;83.89;35,2024-07-20 08:11:39
1359,t1g2:110,t1g2,26.51;84.23;49,2024-07-20 08:26:39
1360,t1g2:110,t1g2,26.48;84.38;36,2024-07-20 08:41:39
1361,t1g2:110,t1g2,26.54;84.86;35,2024-07-20 08:56:38
1362,t1g2:110,t1g2,26.70;84.91;36,2024-07-20 09:11:38
1363,t1g2:110,t1g2,26.71;84.71;36,2024-07-20 09:26:38
1364,t1g2:110,t1g2,26.71;84.34;39,2024-07-20 09:41:38
1365,t1g2:110,t1g2,26.85;83.98;35,2024-07-20 09:56:38
1366,t1g2:110,t1g2,26.77;77.47;38,2024-07-20 10:11:38
1367,t1g2:110,t1g2,26.22;73.01;42,2024-07-20 10:26:38
1368,t1g2:110,t1g2,25.96;70.43;45,2024-07-20 10:41:38
1369,t1g2:110,t1g2,25.65;69.07;46,2024-07-20 10:56:37
1370,t1g2:110,t1g2,25.41;67.97;47,2024-07-20 11:11:37
1371,t1g2:110,t1g2,25.30;66.59;46,2024-07-20 11:26:37
1372,t1g2:110,t1g2,25.00;66.26;47,2024-07-20 11:41:37
1373,t1g2:110,t1g2,24.96;66.02;46,2024-07-20 11:56:37
1374,t1g2:110,t1g2,24.97;65.73;45,2024-07-20 12:11:37
1375,t1g2:110,t1g2,24.79;65.72;45,2024-07-20 12:26:37
1376,t1g2:110,t1g2,24.76;65.26;45,2024-07-20 12:41:36
1377,t1g2:110,t1g2,24.71;65.48;49,2024-07-20 12:56:36
1378,t1g2:110,t1g2,24.75;65.69;44,2024-07-20 13:11:36
1379,t1g2:110,t1g2,24.83;66.01;44,2024-07-20 13:26:36
1380,t1g2:110,t1g2,24.86;66.20;44,2024-07-20 13:41:36
1381,t1g2:110,t1g2,24.92;65.86;44,2024-07-20 13:56:36
1382,t1g2:110,t1g2,25.40;68.64;44,2024-07-20 14:11:36
1383,t1g2:110,t1g2,25.95;68.83;43,2024-07-20 14:26:35
1384,t1g2:110,t1g2,26.37;69.25;41,2024-07-20 14:41:36
1385,t1g2:110,t1g2,26.63;70.35;41,2024-07-20 14:56:35
1386,t1g2:110,t1g2,26.95;71.10;40,2024-07-20 15:11:35
1387,t1g2:110,t1g2,27.05;71.91;39,2024-07-20 15:26:35
1388,t1g2:110,t1g2,27.21;72.98;39,2024-07-20 15:41:35
1389,t1g2:110,t1g2,27.24;73.83;38,2024-07-20 15:56:35
1390,t1g2:110,t1g2,27.32;74.07;39,2024-07-20 16:11:35
1391,t1g2:110,t1g2,27.57;73.64;39,2024-07-20 16:26:35
1392,t1g2:110,t1g2,27.54;74.07;39,2024-07-20 16:41:35
1393,t1g2:110,t1g2,27.56;73.86;39,2024-07-20 16:56:35
1394,t1g2:110,t1g2,27.63;73.73;40,2024-07-20 17:11:35
1395,t1g2:110,t1g2,27.77;73.38;40,2024-07-20 17:26:35
1396,t1g2:110,t1g2,27.87;73.06;41,2024-07-20 17:41:34
1397,t1g2:110,t1g2,27.96;73.30;40,2024-07-20 17:56:34
1398,t1g2:110,t1g2,27.93;73.50;40,2024-07-20 18:11:34
1399,t1g2:110,t1g2,27.86;73.84;37,2024-07-20 18:26:34
1400,t1g2:110,t1g2,27.87;74.12;39,2024-07-20 18:41:34
1401,t1g2:110,t1g2,27.70;74.89;38,2024-07-20 18:56:34
1402,t1g2:110,t1g2,27.67;75.25;38,2024-07-20 19:11:34
1403,t1g2:110,t1g2,27.61;75.93;38,2024-07-20 19:26:33
1404,t1g2:110,t1g2,27.57;76.21;38,2024-07-20 19:41:33
1405,t1g2:110,t1g2,27.56;76.27;38,2024-07-20 19:56:33
1406,t1g2:110,t1g2,27.52;76.71;39,2024-07-20 20:11:33
1407,t1g2:110,t1g2,27.46;77.05;39,2024-07-20 20:26:33
1408,t1g2:110,t1g2,27.45;77.18;39,2024-07-20 20:41:33
1409,t1g2:110,t1g2,27.50;77.44;39,2024-07-20 20:56:33
1410,t1g2:110,t1g2,27.49;77.23;40,2024-07-20 21:11:32
1411,t1g2:110,t1g2,27.50;77.67;40,2024-07-20 21:26:32
1412,t1g2:110,t1g2,27.46;77.80;40,2024-07-20 21:41:32
1413,t1g2:110,t1g2,27.45;78.21;39,2024-07-20 21:56:32
1414,t1g2:110,t1g2,27.38;78.26;40,2024-07-20 22:11:32
1415,t1g2:110,t1g2,27.40;78.18;40,2024-07-20 22:26:32
1416,t1g2:110,t1g2,27.39;78.37;40,2024-07-20 22:41:31
1417,t1g2:110,t1g2,27.36;78.80;40,2024-07-20 22:56:31
1418,t1g2:110,t1g2,27.45;78.98;39,2024-07-20 23:11:31
1419,t1g2:110,t1g2,27.38;79.06;41,2024-07-20 23:26:31
1420,t1g2:110,t1g2,27.38;79.19;40,2024-07-20 23:41:31
1421,t1g2:110,t1g2,27.32;79.46;40,2024-07-20 23:56:31
1422,t1g2:110,t1g2,27.32;79.55;40,2024-07-21 00:11:30
1423,t1g2:110,t1g2,27.31;79.78;39,2024-07-21 00:26:30
1424,t1g2:110,t1g2,27.33;79.77;41,2024-07-21 00:41:30
1425,t1g2:110,t1g2,27.35;79.61;41,2024-07-21 00:56:30
1426,t1g2:110,t1g2,27.32;80.19;40,2024-07-21 01:11:30
1427,t1g2:110,t1g2,27.28;80.61;42,2024-07-21 01:26:30
1428,t1g2:110,t1g2,27.28;80.99;39,2024-07-21 01:41:30
1429,t1g2:110,t1g2,27.25;81.35;30,2024-07-21 01:56:30
1430,t1g2:110,t1g2,27.33;81.16;39,2024-07-21 02:11:30
1431,t1g2:110,t1g2,27.25;81.45;38,2024-07-21 02:26:30
1432,t1g2:110,t1g2,27.25;81.37;39,2024-07-21 02:41:30
1433,t1g2:110,t1g2,27.22;81.42;39,2024-07-21 02:56:29
1434,t1g2:110,t1g2,27.29;81.35;39,2024-07-21 03:11:29
1435,t1g2:110,t1g2,27.28;81.61;27,2024-07-21 03:26:29
1436,t1g2:110,t1g2,27.28;81.69;39,2024-07-21 03:41:29
1437,t1g2:110,t1g2,27.22;81.80;39,2024-07-21 03:56:29
1438,t1g2:110,t1g2,27.22;82.01;40,2024-07-21 04:11:29
1439,t1g2:110,t1g2,27.24;81.97;39,2024-07-21 04:26:29
1440,t1g2:110,t1g2,27.21;82.35;39,2024-07-21 04:41:29
1441,t1g2:110,t1g2,27.28;82.30;38,2024-07-21 04:56:28
1442,t1g2:110,t1g2,27.24;82.85;38,2024-07-21 05:11:28
1443,t1g2:110,t1g2,27.22;83.13;37,2024-07-21 05:26:28
1444,t1g2:110,t1g2,27.24;83.20;38,2024-07-21 05:41:28
1445,t1g2:110,t1g2,27.25;83.15;39,2024-07-21 05:56:28
1446,t1g2:110,t1g2,27.25;82.92;36,2024-07-21 06:11:28
1447,t1g2:110,t1g2,27.28;82.77;38,2024-07-21 06:26:28
1448,t1g2:110,t1g2,27.22;83.01;38,2024-07-21 06:41:28
1449,t1g2:110,t1g2,27.21;83.19;38,2024-07-21 06:56:28
1450,t1g2:110,t1g2,27.25;82.92;38,2024-07-21 07:11:28
1451,t1g2:110,t1g2,27.24;82.94;37,2024-07-21 07:26:28
1452,t1g2:110,t1g2,27.26;82.82;37,2024-07-21 07:41:27
1453,t1g2:110,t1g2,27.28;82.83;38,2024-07-21 07:56:28
1454,t1g2:110,t1g2,27.25;83.12;37,2024-07-21 08:11:27
1455,t1g2:110,t1g2,27.29;83.39;37,2024-07-21 08:26:27
1456,t1g2:110,t1g2,27.35;83.44;37,2024-07-21 08:41:27
1457,t1g2:110,t1g2,27.32;83.52;37,2024-07-21 08:56:27
1458,t1g2:110,t1g2,27.40;83.41;38,2024-07-21 09:11:27
1459,t1g2:110,t1g2,27.40;83.83;37,2024-07-21 09:26:27
1460,t1g2:110,t1g2,27.56;83.23;38,2024-07-21 09:41:27
1461,t1g2:110,t1g2,27.61;82.96;38,2024-07-21 09:56:27
1462,t1g2:110,t1g2,27.66;82.83;38,2024-07-21 10:11:26
1463,t1g2:110,t1g2,27.69;82.51;39,2024-07-21 10:26:26
1464,t1g2:110,t1g2,27.81;82.04;39,2024-07-21 10:41:26
1465,t1g2:110,t1g2,27.88;81.31;39,2024-07-21 10:56:26
1466,t1g2:110,t1g2,27.88;81.64;41,2024-07-21 11:11:26
1467,t1g2:110,t1g2,28.08;80.93;40,2024-07-21 11:26:26
1468,t1g2:110,t1g2,28.36;79.75;38,2024-07-21 11:41:26
1469,t1g2:110,t1g2,28.17;80.02;39,2024-07-21 11:56:26
1470,t1g2:110,t1g2,28.36;79.16;38,2024-07-21 12:11:26
1471,t1g2:110,t1g2,28.38;79.20;38,2024-07-21 12:26:26
1472,t1g2:110,t1g2,28.63;77.67;37,2024-07-21 12:41:25
1473,t1g2:110,t1g2,28.65;77.32;38,2024-07-21 12:56:25
1474,t1g2:110,t1g2,28.77;76.48;39,2024-07-21 13:11:25
1475,t1g2:110,t1g2,28.93;75.87;39,2024-07-21 13:26:25
1476,t1g2:110,t1g2,28.77;76.03;39,2024-07-21 13:41:25
1477,t1g2:110,t1g2,28.76;75.91;39,2024-07-21 13:56:25
1478,t1g2:110,t1g2,28.94;75.33;39,2024-07-21 14:11:25
1479,t1g2:110,t1g2,28.84;75.54;40,2024-07-21 14:26:25
1480,t1g2:110,t1g2,29.02;75.09;40,2024-07-21 14:41:25
1481,t1g2:110,t1g2,28.94;75.46;39,2024-07-21 14:56:24
1482,t1g2:110,t1g2,29.21;74.71;39,2024-07-21 15:11:24
1483,t1g2:110,t1g2,29.00;75.12;39,2024-07-21 15:26:24
1484,t1g2:110,t1g2,29.14;74.68;40,2024-07-21 15:41:24
1485,t1g2:110,t1g2,28.99;75.41;39,2024-07-21 15:56:24
1486,t1g2:110,t1g2,29.21;74.62;39,2024-07-21 16:11:24
1487,t1g2:110,t1g2,29.16;74.56;33,2024-07-21 16:26:23
1488,t1g2:110,t1g2,29.13;74.57;39,2024-07-21 16:41:23
1489,t1g2:110,t1g2,29.21;74.62;41,2024-07-21 16:56:23
1490,t1g2:110,t1g2,29.16;74.86;39,2024-07-21 17:11:23
1491,t1g2:110,t1g2,28.83;76.06;38,2024-07-21 17:26:23
1492,t1g2:110,t1g2,28.80;76.16;41,2024-07-21 17:41:22
1493,t1g2:110,t1g2,28.75;76.21;38,2024-07-21 17:56:22
1494,t1g2:110,t1g2,28.72;76.34;38,2024-07-21 18:11:22
1495,t1g2:110,t1g2,28.67;76.33;39,2024-07-21 18:26:22
1496,t1g2:110,t1g2,28.63;76.42;39,2024-07-21 18:41:22
1497,t1g2:110,t1g2,28.60;76.52;39,2024-07-21 18:56:22
1498,t1g2:110,t1g2,28.58;76.58;39,2024-07-21 19:11:22
1499,t1g2:110,t1g2,28.52;76.64;39,2024-07-21 19:26:22
1500,t1g2:110,t1g2,28.51;76.45;40,2024-07-21 19:41:22
1501,t1g2:110,t1g2,28.46;76.56;40,2024-07-21 19:56:21
1502,t1g2:110,t1g2,28.45;76.57;50,2024-07-21 20:11:21
1503,t1g2:110,t1g2,28.42;76.67;41,2024-07-21 20:26:21
1504,t1g2:110,t1g2,28.39;76.91;41,2024-07-21 20:41:21
1505,t1g2:110,t1g2,28.39;77.13;41,2024-07-21 20:56:21
1506,t1g2:110,t1g2,28.36;77.40;41,2024-07-21 21:11:20
1507,t1g2:110,t1g2,28.35;77.76;41,2024-07-21 21:26:20
1508,t1g2:110,t1g2,28.32;77.97;41,2024-07-21 21:41:20
1509,t1g2:110,t1g2,28.28;78.14;41,2024-07-21 21:56:20
1510,t1g2:110,t1g2,28.32;78.23;41,2024-07-21 22:11:20
1511,t1g2:110,t1g2,28.25;78.55;41,2024-07-21 22:26:20
1512,t1g2:110,t1g2,28.22;78.59;42,2024-07-21 22:41:20
1513,t1g2:110,t1g2,28.19;78.80;42,2024-07-21 22:56:20
1514,t1g2:110,t1g2,28.21;78.82;41,2024-07-21 23:11:19
1515,t1g2:110,t1g2,28.18;79.23;41,2024-07-21 23:26:19
1516,t1g2:110,t1g2,28.17;79.39;41,2024-07-21 23:41:19
1517,t1g2:110,t1g2,28.24;79.17;42,2024-07-21 23:56:19
1518,t1g2:110,t1g2,28.12;79.64;41,2024-07-22 00:11:19
1519,t1g2:110,t1g2,28.12;79.72;41,2024-07-22 00:26:19
1520,t1g2:110,t1g2,28.07;79.96;41,2024-07-22 00:41:19
1521,t1g2:110,t1g2,28.12;79.57;42,2024-07-22 00:56:19
1522,t1g2:110,t1g2,28.07;80.12;41,2024-07-22 01:11:19
1523,t1g2:110,t1g2,28.05;80.47;41,2024-07-22 01:26:18
1524,t1g2:110,t1g2,28.09;80.61;41,2024-07-22 01:41:18
1525,t1g2:110,t1g2,28.03;81.06;40,2024-07-22 01:56:18
1526,t1g2:110,t1g2,28.04;81.01;40,2024-07-22 02:11:18
1527,t1g2:110,t1g2,28.00;81.16;40,2024-07-22 02:26:18
1528,t1g2:110,t1g2,28.01;81.34;40,2024-07-22 02:41:18
1529,t1g2:110,t1g2,28.01;81.51;39,2024-07-22 02:56:17
1530,t1g2:110,t1g2,28.04;81.07;41,2024-07-22 03:11:17
1531,t1g2:110,t1g2,28.00;81.25;41,2024-07-22 03:26:17
1532,t1g2:110,t1g2,27.97;81.56;41,2024-07-22 03:41:17
1533,t1g2:110,t1g2,28.00;81.48;41,2024-07-22 03:56:17
1534,t1g2:110,t1g2,27.96;81.55;41,2024-07-22 04:11:17
1535,t1g2:110,t1g2,28.01;81.62;41,2024-07-22 04:26:17
1536,t1g2:110,t1g2,27.98;81.79;41,2024-07-22 04:41:16
1537,t1g2:110,t1g2,27.94;82.26;40,2024-07-22 04:56:16
1538,t1g2:110,t1g2,27.96;82.53;40,2024-07-22 05:11:16
1539,t1g2:110,t1g2,27.98;82.69;40,2024-07-22 05:26:16
1540,t1g2:110,t1g2,28.00;82.90;40,2024-07-22 05:41:16
1541,t1g2:110,t1g2,27.97;83.14;38,2024-07-22 05:56:16
1542,t1g2:110,t1g2,27.96;83.17;40,2024-07-22 06:11:16
1543,t1g2:110,t1g2,27.90;83.44;39,2024-07-22 06:26:16
1544,t1g2:110,t1g2,28.22;80.14;41,2024-07-22 06:41:15
1545,t1g2:110,t1g2,27.90;78.50;44,2024-07-22 06:56:15
1546,t1g2:110,t1g2,27.67;76.29;47,2024-07-22 07:11:15
1547,t1g2:110,t1g2,27.05;74.56;48,2024-07-22 07:26:15
1548,t1g2:110,t1g2,26.78;72.06;48,2024-07-22 07:41:15
1549,t1g2:110,t1g2,26.43;69.86;50,2024-07-22 07:56:14
1550,t1g2:110,t1g2,26.13;68.28;48,2024-07-22 08:11:14
1551,t1g2:110,t1g2,25.93;67.01;47,2024-07-22 08:26:14
1552,t1g2:110,t1g2,25.75;66.04;46,2024-07-22 08:41:14
1553,t1g2:110,t1g2,25.50;65.96;46,2024-07-22 08:56:14
1554,t1g2:110,t1g2,25.36;65.45;45,2024-07-22 09:11:14
1555,t1g2:110,t1g2,25.21;65.19;45,2024-07-22 09:26:13
1556,t1g2:110,t1g2,25.27;64.85;44,2024-07-22 09:41:13
1557,t1g2:110,t1g2,25.16;65.05;44,2024-07-22 09:56:13
1558,t1g2:110,t1g2,25.13;64.46;43,2024-07-22 10:11:13
1559,t1g2:110,t1g2,25.13;64.13;45,2024-07-22 10:26:13
1560,t1g2:110,t1g2,25.00;64.37;46,2024-07-22 10:41:13
1561,t1g2:110,t1g2,25.10;65.06;45,2024-07-22 10:56:12
1562,t1g2:110,t1g2,25.14;65.07;45,2024-07-22 11:11:12
1563,t1g2:110,t1g2,25.14;65.81;45,2024-07-22 11:26:12
1564,t1g2:110,t1g2,25.40;66.52;44,2024-07-22 11:50:19
1565,t1g2:110,t1g2,25.37;66.52;44,2024-07-22 12:05:19
1566,t1g2:110,t1g2,25.38;66.72;45,2024-07-22 12:20:19
1567,t1g2:110,t1g2,25.41;67.76;43,2024-07-22 12:35:19
1568,t1g2:110,t1g2,25.67;66.88;44,2024-07-22 12:50:19
1569,t1g2:110,t1g2,25.71;68.35;43,2024-07-22 13:05:18
1570,t1g2:110,t1g2,25.71;67.79;41,2024-07-22 13:20:18
1571,t1g2:110,t1g2,25.77;66.68;42,2024-07-22 13:35:18
1572,t1g2:110,t1g2,25.79;67.28;43,2024-07-22 13:50:18
1573,t1g2:110,t1g2,25.82;67.13;44,2024-07-22 14:05:18
1574,t1g2:110,t1g2,25.96;67.34;44,2024-07-22 14:20:18
1575,t1g2:110,t1g2,26.10;67.56;44,2024-07-22 14:35:17
1576,t1g2:110,t1g2,26.33;67.25;43,2024-07-22 14:50:17
1577,t1g2:110,t1g2,26.32;67.56;43,2024-07-22 15:05:17
1578,t1g2:110,t1g2,26.37;67.36;43,2024-07-22 15:20:17
1579,t1g2:110,t1g2,26.35;67.50;42,2024-07-22 15:35:17
1580,t1g2:110,t1g2,26.37;67.27;42,2024-07-22 15:50:17
1581,t1g2:110,t1g2,25.88;69.10;43,2024-07-22 16:05:17
1582,t1g2:110,t1g2,26.44;67.11;43,2024-07-22 16:20:16
1583,t1g2:110,t1g2,26.56;67.45;43,2024-07-22 16:35:16
1584,t1g2:110,t1g2,26.54;66.99;42,2024-07-22 16:50:16
1585,t1g2:110,t1g2,26.61;67.63;41,2024-07-22 17:05:16
1586,t1g2:110,t1g2,26.46;68.00;41,2024-07-22 17:20:16
1587,t1g2:110,t1g2,26.70;67.74;42,2024-07-22 17:35:16
1588,t1g2:110,t1g2,26.64;67.96;41,2024-07-22 17:50:15
1589,t1g2:110,t1g2,26.63;67.14;41,2024-07-22 18:05:15
1590,t1g2:110,t1g2,26.51;67.52;43,2024-07-22 18:20:15
1591,t1g2:110,t1g2,26.44;67.32;42,2024-07-22 18:35:15
1592,t1g2:110,t1g2,26.37;67.37;42,2024-07-22 18:50:15
1593,t1g2:110,t1g2,26.08;68.32;42,2024-07-22 19:05:15
1594,t1g2:110,t1g2,26.37;70.14;40,2024-07-22 19:20:15
1595,t1g2:110,t1g2,26.58;71.18;40,2024-07-22 19:35:15
1596,t1g2:110,t1g2,26.50;72.25;39,2024-07-22 19:50:14
1597,t1g2:110,t1g2,26.67;72.54;38,2024-07-22 20:05:14
1598,t1g2:110,t1g2,26.74;73.36;38,2024-07-22 20:20:14
1599,t1g2:110,t1g2,26.75;73.43;37,2024-07-22 20:35:14
1600,t1g2:110,t1g2,26.80;73.50;38,2024-07-22 20:50:14
1601,t1g2:110,t1g2,26.83;74.39;38,2024-07-22 21:05:14
1602,t1g2:110,t1g2,26.80;74.89;38,2024-07-22 21:20:14
1603,t1g2:110,t1g2,26.83;75.24;38,2024-07-22 21:35:14
1604,t1g2:110,t1g2,26.85;75.55;38,2024-07-22 21:50:13
1605,t1g2:110,t1g2,26.88;76.39;39,2024-07-22 22:05:13
1606,t1g2:110,t1g2,26.95;75.85;39,2024-07-22 22:20:13
1607,t1g2:110,t1g2,26.91;76.80;38,2024-07-22 22:35:13
1608,t1g2:110,t1g2,26.92;76.91;38,2024-07-22 22:50:13
1609,t1g2:110,t1g2,26.95;76.63;39,2024-07-22 23:05:13
1610,t1g2:110,t1g2,26.92;77.11;39,2024-07-22 23:20:13
1611,t1g2:110,t1g2,26.97;77.29;39,2024-07-22 23:35:13
1612,t1g2:110,t1g2,26.97;77.48;39,2024-07-22 23:50:12
1613,t1g2:110,t1g2,26.98;77.48;39,2024-07-23 00:05:12
1614,t1g2:110,t1g2,26.99;77.81;39,2024-07-23 00:20:12
1615,t1g2:110,t1g2,27.02;78.18;40,2024-07-23 00:35:12
1616,t1g2:110,t1g2,27.02;78.27;40,2024-07-23 00:50:12
1617,t1g2:110,t1g2,27.02;78.21;40,2024-07-23 01:05:12
1618,t1g2:110,t1g2,27.04;78.59;40,2024-07-23 01:20:12
1619,t1g2:110,t1g2,27.05;79.20;39,2024-07-23 01:35:12
1620,t1g2:110,t1g2,27.06;79.96;39,2024-07-23 01:50:12
1621,t1g2:110,t1g2,27.08;80.08;38,2024-07-23 02:05:12
1622,t1g2:110,t1g2,27.11;80.41;39,2024-07-23 02:20:12
1623,t1g2:110,t1g2,27.09;80.05;39,2024-07-23 02:35:12
1624,t1g2:110,t1g2,27.12;80.25;40,2024-07-23 02:50:12
1625,t1g2:110,t1g2,27.09;80.14;40,2024-07-23 03:05:12
1626,t1g2:110,t1g2,27.11;80.43;40,2024-07-23 03:20:12
1627,t1g2:110,t1g2,27.12;80.35;39,2024-07-23 03:35:12
1628,t1g2:110,t1g2,27.13;80.47;39,2024-07-23 03:50:11
1629,t1g2:110,t1g2,27.15;80.58;40,2024-07-23 04:05:11
1630,t1g2:110,t1g2,27.15;80.54;39,2024-07-23 04:20:11
1631,t1g2:110,t1g2,27.13;80.67;40,2024-07-23 04:35:11
1632,t1g2:110,t1g2,27.16;80.46;40,2024-07-23 04:50:11
1633,t1g2:110,t1g2,27.18;81.31;39,2024-07-23 05:05:11
1634,t1g2:110,t1g2,27.18;81.41;39,2024-07-23 05:20:10
1635,t1g2:110,t1g2,27.19;81.92;40,2024-07-23 05:35:10
1636,t1g2:110,t1g2,27.16;81.94;39,2024-07-23 05:50:10
1637,t1g2:110,t1g2,27.16;82.07;39,2024-07-23 06:05:10
1638,t1g2:110,t1g2,27.19;82.32;39,2024-07-23 06:20:09
1639,t1g2:110,t1g2,27.56;78.59;39,2024-07-23 06:35:09
1640,t1g2:110,t1g2,27.21;75.27;42,2024-07-23 06:50:09
1641,t1g2:110,t1g2,26.88;73.18;45,2024-07-23 07:05:09
1642,t1g2:110,t1g2,26.58;71.94;46,2024-07-23 07:20:09
1643,t1g2:110,t1g2,26.29;70.75;47,2024-07-23 07:35:08
1644,t1g2:110,t1g2,26.15;69.56;47,2024-07-23 07:50:08
1645,t1g2:110,t1g2,25.87;67.91;47,2024-07-23 08:05:08
1646,t1g2:110,t1g2,25.61;66.40;47,2024-07-23 08:20:08
1647,t1g2:110,t1g2,25.45;65.22;46,2024-07-23 08:35:08
1648,t1g2:110,t1g2,25.30;64.37;47,2024-07-23 08:50:08
1649,t1g2:110,t1g2,25.20;63.91;47,2024-07-23 09:05:07
1650,t1g2:110,t1g2,25.12;63.54;47,2024-07-23 09:20:07
1651,t1g2:110,t1g2,24.99;63.27;46,2024-07-23 09:35:07
1652,t1g2:110,t1g2,25.02;63.22;46,2024-07-23 09:50:07
1653,t1g2:110,t1g2,25.03;64.44;46,2024-07-23 10:05:07
1654,t1g2:110,t1g2,25.19;63.97;46,2024-07-23 10:20:06
1655,t1g2:110,t1g2,24.83;65.03;46,2024-07-23 10:35:06
1656,t1g2:110,t1g2,25.19;64.68;45,2024-07-23 10:50:06
1657,t1g2:110,t1g2,25.17;64.95;45,2024-07-23 11:05:06
1658,t1g2:110,t1g2,25.26;65.06;45,2024-07-23 11:20:06
1659,t1g2:110,t1g2,25.33;65.00;44,2024-07-23 11:35:05
1660,t1g2:110,t1g2,25.29;65.88;46,2024-07-23 11:50:05
1661,t1g2:110,t1g2,25.41;66.05;45,2024-07-23 12:05:05
1662,t1g2:110,t1g2,25.45;65.43;46,2024-07-23 12:20:05
1663,t1g2:110,t1g2,25.45;65.40;45,2024-07-23 12:35:05
1664,t1g2:110,t1g2,25.57;66.02;47,2024-07-23 12:50:04
1665,t1g2:110,t1g2,25.52;65.42;46,2024-07-23 13:05:04
1666,t1g2:110,t1g2,25.67;65.46;45,2024-07-23 13:20:04
1667,t1g2:110,t1g2,25.68;65.95;46,2024-07-23 13:35:03
1668,t1g2:110,t1g2,25.98;66.65;45,2024-07-23 13:50:03
1669,t1g2:110,t1g2,26.16;67.49;45,2024-07-23 14:05:03
1670,t1g2:110,t1g2,26.23;67.02;45,2024-07-23 14:20:03
1671,t1g2:110,t1g2,26.23;67.09;45,2024-07-23 14:35:03
1672,t1g2:110,t1g2,26.44;66.96;45,2024-07-23 14:50:03
1673,t1g2:110,t1g2,26.53;67.16;45,2024-07-23 15:05:02
1674,t1g2:110,t1g2,26.73;67.11;45,2024-07-23 15:20:02
1675,t1g2:110,t1g2,26.78;67.37;44,2024-07-23 15:35:02
1676,t1g2:110,t1g2,26.85;66.49;44,2024-07-23 15:50:02
1677,t1g2:110,t1g2,27.04;67.17;45,2024-07-23 16:05:02
1678,t1g2:110,t1g2,27.19;67.32;45,2024-07-23 16:20:02
1679,t1g2:110,t1g2,27.24;67.35;45,2024-07-23 16:35:02
1680,t1g2:110,t1g2,27.24;67.39;45,2024-07-23 16:50:02
1681,t1g2:110,t1g2,27.26;67.07;46,2024-07-23 17:05:02
1682,t1g2:110,t1g2,27.32;66.95;45,2024-07-23 17:20:01
1683,t1g2:110,t1g2,27.26;67.18;45,2024-07-23 17:35:01
1684,t1g2:110,t1g2,27.26;66.85;44,2024-07-23 17:50:01
1685,t1g2:110,t1g2,27.13;66.60;45,2024-07-23 18:05:01
1686,t1g2:110,t1g2,26.94;66.85;45,2024-07-23 18:20:01
1687,t1g2:110,t1g2,26.71;66.79;44,2024-07-23 18:35:01
1688,t1g2:110,t1g2,26.53;66.48;44,2024-07-23 18:50:01
1689,t1g2:110,t1g2,26.27;66.71;44,2024-07-23 19:05:00
1690,t1g2:110,t1g2,26.48;67.79;44,2024-07-23 19:20:00
1691,t1g2:110,t1g2,26.61;70.22;43,2024-07-23 19:35:00
1692,t1g2:110,t1g2,26.70;70.61;42,2024-07-23 19:50:00
1693,t1g2:110,t1g2,26.78;71.67;41,2024-07-23 20:05:00
1694,t1g2:110,t1g2,26.83;73.09;40,2024-07-23 20:20:00
1695,t1g2:110,t1g2,26.88;73.97;40,2024-07-23 20:35:00
1696,t1g2:110,t1g2,26.92;74.85;38,2024-07-23 20:50:00
1697,t1g2:110,t1g2,26.98;75.69;39,2024-07-23 21:05:00
1698,t1g2:110,t1g2,27.01;76.43;37,2024-07-23 21:20:00
1699,t1g2:110,t1g2,26.99;76.30;38,2024-07-23 21:35:00
1700,t1g2:110,t1g2,27.04;76.27;37,2024-07-23 21:49:59
1701,t1g2:110,t1g2,27.05;76.86;37,2024-07-23 22:04:59
1702,t1g2:110,t1g2,27.05;77.89;37,2024-07-23 22:19:59
1703,t1g2:110,t1g2,27.09;77.92;37,2024-07-23 22:34:59
1704,t1g2:110,t1g2,27.13;78.21;37,2024-07-23 22:49:59
1705,t1g2:110,t1g2,27.08;78.06;37,2024-07-23 23:04:59
1706,t1g2:110,t1g2,27.11;78.40;38,2024-07-23 23:19:59
1707,t1g2:110,t1g2,27.12;78.94;37,2024-07-23 23:34:59
1708,t1g2:110,t1g2,27.12;78.76;38,2024-07-23 23:49:58
1709,t1g2:110,t1g2,27.13;79.02;38,2024-07-24 00:04:58
1710,t1g2:110,t1g2,27.15;79.31;37,2024-07-24 00:19:58
1711,t1g2:110,t1g2,27.12;79.17;38,2024-07-24 00:34:58
1712,t1g2:110,t1g2,27.16;79.20;37,2024-07-24 00:49:58
1713,t1g2:110,t1g2,27.15;79.61;38,2024-07-24 01:04:58
1714,t1g2:110,t1g2,27.16;79.66;38,2024-07-24 01:19:57
1715,t1g2:110,t1g2,27.18;79.89;37,2024-07-24 01:34:57
1716,t1g2:110,t1g2,27.19;79.85;37,2024-07-24 01:49:57
1717,t1g2:110,t1g2,27.21;80.12;38,2024-07-24 02:04:57
1718,t1g2:110,t1g2,27.19;80.39;38,2024-07-24 02:19:57
1719,t1g2:110,t1g2,27.22;80.05;38,2024-07-24 02:34:56
1720,t1g2:110,t1g2,27.21;80.35;38,2024-07-24 02:49:56
1721,t1g2:110,t1g2,27.18;80.39;38,2024-07-24 03:04:56
1722,t1g2:110,t1g2,27.19;80.59;38,2024-07-24 03:19:56
1723,t1g2:110,t1g2,27.19;80.27;38,2024-07-24 03:34:56
1724,t1g2:110,t1g2,27.19;80.51;39,2024-07-24 03:49:56
1725,t1g2:110,t1g2,27.18;80.84;38,2024-07-24 04:04:55
1726,t1g2:110,t1g2,27.18;80.65;38,2024-07-24 04:19:55
1727,t1g2:110,t1g2,27.21;81.00;41,2024-07-24 04:34:55
1728,t1g2:110,t1g2,27.21;81.18;38,2024-07-24 04:49:55
1729,t1g2:110,t1g2,27.24;81.09;38,2024-07-24 05:04:55
1730,t1g2:110,t1g2,27.25;81.24;38,2024-07-24 05:19:55
1731,t1g2:110,t1g2,27.26;81.22;38,2024-07-24 05:34:55
1732,t1g2:110,t1g2,27.21;81.54;38,2024-07-24 05:49:54
1733,t1g2:110,t1g2,27.25;81.67;38,2024-07-24 06:04:54
1734,t1g2:110,t1g2,27.22;81.74;38,2024-07-24 06:19:54
1735,t1g2:110,t1g2,27.54;78.20;38,2024-07-24 06:34:54
1736,t1g2:110,t1g2,27.28;75.32;40,2024-07-24 06:49:54
1737,t1g2:110,t1g2,26.91;73.81;44,2024-07-24 07:04:54
1738,t1g2:110,t1g2,26.77;72.64;46,2024-07-24 07:19:54
1739,t1g2:110,t1g2,26.53;71.67;47,2024-07-24 07:34:54
1740,t1g2:110,t1g2,26.26;70.22;47,2024-07-24 07:49:54
1741,t1g2:110,t1g2,26.06;68.73;47,2024-07-24 08:04:53
1742,t1g2:110,t1g2,25.75;67.17;46,2024-07-24 08:19:53
1743,t1g2:110,t1g2,25.64;65.77;46,2024-07-24 08:34:53
1744,t1g2:110,t1g2,25.41;65.22;46,2024-07-24 08:49:53
1745,t1g2:110,t1g2,25.31;64.68;46,2024-07-24 09:04:53
1746,t1g2:110,t1g2,25.24;64.14;44,2024-07-24 09:19:52
1747,t1g2:110,t1g2,25.17;64.33;45,2024-07-24 09:34:52
1748,t1g2:110,t1g2,25.09;63.81;44,2024-07-24 09:49:52
